id,Brand,Model Name,Processor,Operating System,Storage,RAM,Screen Size,Touch_Screen,Price
0,HP,15s-fq5007TU,Core i3,Windows 11 Home,512 GB,8 GB,39.62 cm (15.6 Inch),No,"₹38,990"
1,HP,15s-fy5003TU,Core i3,Windows 11 Home,512 GB,8 GB,39.62 cm (15.6 Inch),No,"₹37,990"
2,Apple,2020 Macbook Air,M1,Mac OS Big Sur,256 GB,8 GB,33.78 cm (13.3 inch),No,"₹70,990"
3,Apple,2020 Macbook Air,M1,Mac OS Big Sur,256 GB,8 GB,33.78 cm (13.3 inch),No,"₹70,990"
4,Apple,2020 Macbook Air,M1,Mac OS Big Sur,256 GB,8 GB,33.78 cm (13.3 inch),No,"₹70,990"
5,Lenovo,V15 G3 IAP,Core i7,Windows 11 Home,512 GB,16 GB,39.62 cm (15.6 Inch),No,"₹49,990"
6,ASUS,X515EA-EJ522WS,Core i5,Windows 11 Home,NA,8 GB,39.62 cm (15.6 Inch),No,"₹40,990"
7,HP,15s- fr4000TU,Core i5,Windows 11 Home,512 GB,8 GB,39.62 cm (15.6 Inch),No,"₹46,990"
8,ASUS,X1500EA-EJ311W,Core i3,Windows 11 Home,256 GB,8 GB,39.62 cm (15.6 Inch),No,"₹27,990"
9,HP,15-fb0147AX,Ryzen 5 Hexa Core,Windows 11 Home,512 GB,8 GB,39.62 cm (15.6 Inch),No,"₹45,990"
10,HP,15s- fr5011TU,Core i5,Windows 11 Home,512 GB,16 GB,39.62 cm (15.6 inch),No,"₹53,990"
11,HP,14-dv2153TU,Core i5,Windows 11 Home,1 TB,16 GB,35.56 cm (14 inch),No,"₹66,999"
12,DELL,New Inspiron 15 Laptop,Core i5,Windows 11 Home,512 GB,8 GB,39.62 cm (15.6 Inch),No,"₹45,999"
13,ASUS,Gaming F15,Core i5,Windows 11 Home,2 TB,8 GB,39.62 cm (15.6 Inch),No,"₹47,990"
14,ASUS,E510MA-EJ001W,Celeron Dual Core,Windows 11 Home,256 GB,4 GB,39.62 cm (15.6 Inch),No,"₹19,990"
15,HP,15s-fy5002TU,Core i5,Windows 11 Home,512 GB,8 GB,39.62 cm (15.6 Inch),No,"₹49,990"
16,ASUS,G513RC-HN061W,Ryzen 7 Octa Core,Windows 11 Home,512 GB,16 GB,39.62 cm (15.6 Inch),No,"₹77,990"
17,Lenovo,Lenovo V15,Celeron Dual Core,Windows 11 Home,NA,8 GB,39.62 cm (15.6 inch),No,"₹22,990"
18,Acer,EX215-23,Ryzen 5 Quad Core,Windows 11 Home,512 GB,8 GB,39.62 cm (15.6 Inch),No,"₹29,990"
19,HP,14-EC1019AU,Ryzen 5 Hexa Core,Windows 11 Home,512 GB,16 GB,35.56 cm (14 inch),No,"₹54,990"
20,HP,15-eg3079TU,Core i5,Windows 11 Home,512 GB,16 GB,39.62 cm (15.6 Inch),No,"₹66,990"
21,DELL,Inspiron 3520,Core i3,Windows 11 Home,512 GB,8 GB,39.62 cm (15.6 Inch),No,"₹35,980"
22,SAMSUNG,NP550,Core i5,Windows 11 Home,512 GB,16 GB,39.62 cm (15.6 Inch),No,"₹47,990"
23,ASUS,K3504VAB-NJ322WS,Core i3,Windows 11 Home,512 GB,8 GB,39.62 cm (15.6 Inch),No,"₹39,990"
24,HP,15s-fq5007TU,Core i3,Windows 11 Home,512 GB,8 GB,39.62 cm (15.6 Inch),No,"₹38,990"
25,HP,15s-fy5003TU,Core i3,Windows 11 Home,512 GB,8 GB,39.62 cm (15.6 Inch),No,"₹37,990"
26,DELL,Inspiron 3520,Core i3,Windows 11 Home,512 GB,8 GB,96.52 cm (38 cm),No,"₹36,480"
27,Lenovo,15IAU7,Core i3,Windows 11 Home,512 GB,8 GB,100.63 cm (39.62 cm),No,"₹35,990"
28,HP,15s- fr4000TU,Core i5,Windows 11 Home,512 GB,8 GB,39.62 cm (15.6 Inch),No,"₹46,990"
29,HP,15s- fr5011TU,Core i5,Windows 11 Home,512 GB,16 GB,39.62 cm (15.6 inch),No,"₹53,990"
30,HP,15s- eq2144au,Ryzen 5 Hexa Core,Windows 11 Home,512 GB,8 GB,39.62 cm (15.6 inch),No,"₹38,990"
31,HP,e0333ax,Ryzen 5 Hexa Core,Windows 11 Home,512 GB,16 GB,40.89 cm (16.1 Inch),No,"₹88,407"
32,MSI,Modern 14 C7M-063IN,Ryzen 5 Hexa Core,Windows 11 Home,512 GB,8 GB,35.56 cm (14 Inch),No,"₹33,990"
33,HP,14-dv2153TU,Core i5,Windows 11 Home,1 TB,16 GB,35.56 cm (14 inch),No,"₹66,999"
34,HP,15s-fy5002TU,Core i5,Windows 11 Home,512 GB,8 GB,39.62 cm (15.6 Inch),No,"₹49,990"
35,ASUS,X515EA-EJ342WS,Core i3,Windows 11 Home,2 TB,16 GB,39.62 cm (15.6 Inch),No,"₹33,990"
36,MSI,Thin GF63 12UC-846IN,Core i5,Windows 11 Home,512 GB,16 GB,39.62 cm (15.6 inch),No,"₹52,990"
37,ASUS,G513RC-HN061W,Ryzen 7 Octa Core,Windows 11 Home,512 GB,16 GB,39.62 cm (15.6 Inch),No,"₹77,990"
38,HP,14-EC1019AU,Ryzen 5 Hexa Core,Windows 11 Home,512 GB,16 GB,35.56 cm (14 inch),No,"₹54,990"
39,DELL,Inspiron 3520,Core i3,Windows 11 Home,512 GB,8 GB,39.62 cm (15.6 Inch),No,"₹35,980"
40,MSI,Bravo 15 B5ED,Ryzen 7 Octa Core,Windows 11 Home,2 TB,16 GB,39.62 cm (15.6 inch),No,"₹54,990"
41,MSI,Modern 14 C11M-031IN,Core i3,Windows 11 Home,512 GB,8 GB,35.56 cm (14 Inch),No,"₹28,990"
42,ASUS,15,Core i3,Windows 11 Home,512 GB,8 GB,39.62 cm (15.6 Inch),No,"₹36,990"
43,HP,15-eg3079TU,Core i5,Windows 11 Home,512 GB,16 GB,39.62 cm (15.6 Inch),No,"₹66,990"
44,HP,15s-fq5202TU,Core i5,Windows 11 Home,512 GB,8 GB,39.62 cm (15.6 inch),No,"₹53,990"
45,Infinix,XL422,Core i3,Windows 11 Home,512 GB,8 GB,35.56 cm (14 Inch),No,"₹27,990"
46,MSI,GF63 Thin 11UC-1294IN,Core i7,Windows 11 Home,4 TB,16 GB,39.62 cm (15.6 Inch),No,"₹66,780"
47,HP,15s-fq5007TU,Core i3,Windows 11 Home,512 GB,8 GB,39.62 cm (15.6 Inch),No,"₹38,990"
48,HP,15s-fy5003TU,Core i3,Windows 11 Home,512 GB,8 GB,39.62 cm (15.6 Inch),No,"₹37,990"
49,HP,255 G8,Ryzen 3 Dual Core,DOS,512 GB,8 GB,39.62 cm (15.6 inch),Yes,"₹30,500"
50,Ultimus,NU14U3INC43BN-MB,Celeron Dual Core,Windows 11 Home,128 GB,4 GB,35.81 cm (14.1 Inch),No,"₹11,990"
51,Acer,A715-76G,Core i5,Windows 11 Home,512 GB,16 GB,39.62 cm (15.6 Inch),No,"₹57,990"
52,HP,15s- fr4000TU,Core i5,Windows 11 Home,512 GB,8 GB,39.62 cm (15.6 Inch),No,"₹46,990"
53,HP,15s- fr5011TU,Core i5,Windows 11 Home,512 GB,16 GB,39.62 cm (15.6 inch),No,"₹53,990"
54,Acer,AN515-58,Core i7,Windows 11 Home,1 TB,16 GB,39.62 cm (15.6 Inch),No,"₹89,990"
55,ASUS,X1502ZA-EJ953WS,Core i3,Windows 11 Home,1 TB,8 GB,39.62 cm (15.6 Inch),No,"₹36,990"
56,HP,14-dv2153TU,Core i5,Windows 11 Home,1 TB,16 GB,35.56 cm (14 inch),No,"₹66,999"
57,HP,15s-fy5002TU,Core i5,Windows 11 Home,512 GB,8 GB,39.62 cm (15.6 Inch),No,"₹49,990"
58,ASUS,Vivobook 15,Core i3,Windows 11 Home,2 TB,8 GB,39.62 cm (15.6 inch),No,"₹43,534"
59,CHUWI,Hero Book Pro,Celeron Dual Core,Windows 11 Home,256 GB,8 GB,35.81 cm (14.1 inch),No,"₹18,990"
60,Lenovo,V15 G3 IAP,Core i3,Windows 11 Home,512 GB,8 GB,39.62 cm (15.6 Inch),No,"₹32,840"
61,Lenovo,15ITL6,Core i5,Windows 11 Home,NA,16 GB,39.62 cm (15.6 inch),No,"₹44,990"
62,ASUS,G513RC-HN061W,Ryzen 7 Octa Core,Windows 11 Home,512 GB,16 GB,39.62 cm (15.6 Inch),No,"₹77,990"
63,HP,14-EC1019AU,Ryzen 5 Hexa Core,Windows 11 Home,512 GB,16 GB,35.56 cm (14 inch),No,"₹54,990"
64,ASUS,E1504FA-NJ322WS,Ryzen 3 Quad Core,Windows 11 Home,1 TB,8 GB,39.62 cm (15.6 Inch),No,"₹33,990"
65,ASUS,S3402ZA-KM501WS,Core i5,Windows 11 Home,NA,16 GB,35.56 cm (14 Inch),No,"₹65,990"
66,HP,15-eg3079TU,Core i5,Windows 11 Home,512 GB,16 GB,39.62 cm (15.6 Inch),No,"₹66,990"
67,HP,15s-fq5202TU,Core i5,Windows 11 Home,512 GB,8 GB,39.62 cm (15.6 inch),No,"₹53,990"
68,DELL,New Inspiron 15 Laptop,Core i5,Windows 11 Home,1 TB,8 GB,39.62 cm (15.6 Inch),No,"₹49,990"
69,Lenovo,16IAH8,Core i5,Windows 11 Home,512 GB,16 GB,40.64 cm (16 Inch),No,"₹61,190"
70,Apple,MacBook Pro,M2,Mac OS Monterey,256 GB,8 GB,33.78 cm (13.3 Inch),No,"₹99,990"
71,SAMSUNG,Galaxy Book3,Core i5,Windows 11 Home,512 GB,8 GB,39.62 cm (15.6 Inch),No,"₹69,990"
72,HP,15s-fy5003TU,Core i3,Windows 11 Home,512 GB,8 GB,39.62 cm (15.6 Inch),No,"₹37,990"
73,HP,15s- fr4000TU,Core i5,Windows 11 Home,512 GB,8 GB,39.62 cm (15.6 Inch),No,"₹46,990"
74,Lenovo,15ACH6,Ryzen 5 Hexa Core,Windows 11 Home,512 GB,8 GB,100.63 cm (39.62 cm),No,"₹45,990"
75,HP,15s-fq5007TU,Core i3,Windows 11 Home,512 GB,8 GB,39.62 cm (15.6 Inch),No,"₹40,490"
76,HP,15s- fr5011TU,Core i5,Windows 11 Home,512 GB,16 GB,39.62 cm (15.6 inch),No,"₹53,990"
77,HP,14-dv2153TU,Core i5,Windows 11 Home,1 TB,16 GB,35.56 cm (14 inch),No,"₹66,999"
78,Acer,A315-510P,Core i3,Windows 11 Home,256 GB,8 GB,39.62 cm (15.6 inch),No,"₹29,980"
79,Infinix,INBook Y1 Plus,Core i3,Windows 11 Home,512 GB,8 GB,39.62 cm (15.6 inch),No,"₹25,990"
80,ASUS,X1502ZA-EJ515WS,Core i5,Windows 11 Home,1 TB,8 GB,39.62 cm (15.6 Inch),No,"₹47,990"
81,HP,15-eg3079TU,Core i5,Windows 11 Home,512 GB,16 GB,39.62 cm (15.6 Inch),No,"₹66,990"
82,HP,15s-fy5002TU,Core i5,Windows 11 Home,512 GB,8 GB,39.62 cm (15.6 Inch),No,"₹49,990"
83,ASUS,G513RC-HN061W,Ryzen 7 Octa Core,Windows 11 Home,512 GB,16 GB,39.62 cm (15.6 Inch),No,"₹77,990"
84,ASUS,TN3402QA-LZ740WS,Ryzen 7 Octa Core,Windows 11 Home,512 GB,16 GB,35.56 cm (14 Inch),Yes,"₹64,990"
85,HP,15s- eq2144au,Ryzen 5 Hexa Core,Windows 11 Home,512 GB,8 GB,39.62 cm (15.6 inch),No,"₹43,490"
86,HP,14-EC1019AU,Ryzen 5 Hexa Core,Windows 11 Home,512 GB,16 GB,35.56 cm (14 inch),No,"₹54,990"
87,HP,15s-fq5202TU,Core i5,Windows 11 Home,512 GB,8 GB,39.62 cm (15.6 inch),No,"₹53,990"
88,ASUS,E1504FA-LK521WS,Ryzen 5 Quad Core,Windows 11 Home,512 GB,8 GB,39.62 cm (15.6 Inch),No,"₹45,990"
89,ASUS,E1404GA-NK322WS,Core i3,Windows 11 Home,512 GB,8 GB,35.56 cm (14 Inch),No,"₹35,990"
90,Infinix,INBook Y2 Plus,Core i5,Windows 11 Home,512 GB,16 GB,39.62 cm (15.6 inch),No,"₹34,990"
91,HP,15-fe0027TU,Core i5,Windows 11 Home,512 GB,16 GB,39.62 cm (15.6 Inch),Yes,"₹88,690"
92,HP,15s-fq5007TU,Core i3,Windows 11 Home,512 GB,8 GB,39.62 cm (15.6 Inch),No,"₹38,990"
93,HP,15s-fy5003TU,Core i3,Windows 11 Home,512 GB,8 GB,39.62 cm (15.6 Inch),No,"₹37,990"
94,Acer,A514-56GM,Core i5,Windows 11 Home,512 GB,16 GB,35.56 cm (14 Inch),No,"₹56,990"
95,Acer,AN515-58,Core i7,Windows 11 Home,512 GB,16 GB,39.62 cm (15.6 Inch),No,"₹86,990"
96,HP,15s- fr4000TU,Core i5,Windows 11 Home,512 GB,8 GB,39.62 cm (15.6 Inch),No,"₹46,990"
97,HP,15s- fr5011TU,Core i5,Windows 11 Home,512 GB,16 GB,39.62 cm (15.6 inch),No,"₹53,990"
98,MSI,Modern 14 C11M-030IN,Core i5,Windows 11 Home,512 GB,8 GB,35.56 cm (14 Inch),No,"₹36,990"
99,ASUS,Vivobook 16X,Ryzen 7 Octa Core,Windows 11 Home,512 GB,16 GB,40.64 cm (16 inch),No,"₹57,390"
100,Infinix,XL30,Celeron Quad Core,Windows 11 Home,512 GB,8 GB,39.01 cm (15.36 inch),No,"₹23,990"
101,HP,14-EC1019AU,Ryzen 5 Hexa Core,Windows 11 Home,512 GB,16 GB,35.56 cm (14 inch),No,"₹54,990"
102,HP,14-dv2153TU,Core i5,Windows 11 Home,1 TB,16 GB,35.56 cm (14 inch),No,"₹66,999"
103,HP,15s-fy5002TU,Core i5,Windows 11 Home,512 GB,8 GB,39.62 cm (15.6 Inch),No,"₹49,990"
104,DELL,Inspiron 3511,Core i5,Windows 11 Home,512 GB,8 GB,39.62 cm (15.6 inch),No,"₹45,990"
105,ASUS,X515EA-EJ312W,Core i3,Windows 11 Home,2 TB,8 GB,39.62 cm (15.6 Inch),No,"₹27,990"
106,ASUS,G513RC-HN061W,Ryzen 7 Octa Core,Windows 11 Home,512 GB,16 GB,39.62 cm (15.6 Inch),No,"₹77,990"
107,HP,15-eg3079TU,Core i5,Windows 11 Home,512 GB,16 GB,39.62 cm (15.6 Inch),No,"₹66,990"
108,HP,15s- eq1580AU,Ryzen 3 Dual Core,Windows 11 Home,512 GB,8 GB,39.62 cm (15.6 Inch),No,"₹30,999"
109,HP,15-fb0131AX,Ryzen 5 Hexa Core,Windows 11 Home,512 GB,8 GB,39.62 cm (15.6 Inch),No,"₹58,800"
110,HP,14s - dy2508TU,Core i3,Windows 11 Home,512 GB,8 GB,35.56 cm (14 inch),No,"₹43,349"
111,HP,15-fd0011TU,Core i5,Windows 11 Home,512 GB,8 GB,39.62 cm (15.6 Inch),No,"₹60,490"
112,HP,14c-cc0010TU,Core i5,Chrome,256 GB,8 GB,35.56 cm (14 inch),No,"₹62,990"
113,HP,15s-fy5003TU,Core i3,Windows 11 Home,512 GB,8 GB,39.62 cm (15.6 Inch),No,"₹37,990"
114,HP,15s- fr4000TU,Core i5,Windows 11 Home,512 GB,8 GB,39.62 cm (15.6 Inch),No,"₹46,990"
115,Lenovo,15ITL05,Core i3,Windows 11 Home,NA,8 GB,39.62 cm (15.6 Inch),No,"₹32,990"
116,MSI,Modern 14 C7M-062IN,Ryzen 5 Hexa Core,Windows 11 Home,512 GB,16 GB,35.56 cm (14 Inch),No,"₹37,990"
117,HP,15s-ey1509AU,Athlon Dual Core,Windows 11 Home,512 GB,8 GB,39.62 cm (15.6 Inch),No,"₹30,690"
118,HP,15s-fq5007TU,Core i3,Windows 11 Home,512 GB,8 GB,39.62 cm (15.6 Inch),No,"₹38,990"
119,HP,15s- fr5011TU,Core i5,Windows 11 Home,512 GB,16 GB,39.62 cm (15.6 inch),No,"₹53,990"
120,Apple,MacBook Air,M2,Mac OS Monterey,256 GB,8 GB,34.54 cm (13.6 Inch),No,"₹1,04,990"
121,HP,255 G8 Laptop,Ryzen 3 Dual Core,DOS,512 GB,8 GB,39.62 cm (15.6 inch),No,"₹23,999"
122,HP,14-dv2153TU,Core i5,Windows 11 Home,1 TB,16 GB,35.56 cm (14 inch),No,"₹66,999"
123,HP,14c-cc0010TU,Core i5,Chrome,256 GB,8 GB,35.56 cm (14 inch),No,"₹62,990"
124,ASUS,E1504FA-LK321WS,Ryzen 3 Quad Core,Windows 11 Home,1 TB,8 GB,39.62 cm (15.6 Inch),No,"₹39,990"
125,Lenovo,V15 G2 ALC,Ryzen 5 Hexa Core,Windows 11 Home,512 GB,8 GB,39.62 cm (15.6 Inch),No,"₹34,990"
126,ASUS,E1504FA-LK323WS,Ryzen 3 Quad Core,Windows 11 Home,512 GB,8 GB,39.62 cm (15.6 Inch),No,"₹39,990"
127,ASUS,G513RC-HN061W,Ryzen 7 Octa Core,Windows 11 Home,512 GB,16 GB,39.62 cm (15.6 Inch),No,"₹77,990"
128,HP,14-EC1019AU,Ryzen 5 Hexa Core,Windows 11 Home,512 GB,16 GB,35.56 cm (14 inch),No,"₹54,990"
129,HP,15s-fy5006TU,Core i3,Windows 11 Home,512 GB,8 GB,39.62 cm (15.6 Inch),No,"₹37,990"
130,HP,14s - dy2507TU,Core i3,Windows 11 Home,256 GB,8 GB,35.56 cm (14 inch),No,"₹35,990"
131,HP,15-eg3079TU,Core i5,Windows 11 Home,512 GB,16 GB,39.62 cm (15.6 Inch),No,"₹66,990"
132,HP,15-fd0011TU,Core i5,Windows 11 Home,512 GB,8 GB,39.62 cm (15.6 Inch),No,"₹60,490"
133,HP,15s-fq5202TU,Core i5,Windows 11 Home,512 GB,8 GB,39.62 cm (15.6 inch),No,"₹53,990"
134,Lenovo,15IRU8,Core i3,Windows 11 Home,512 GB,8 GB,39.62 cm (15.6 inch),No,"₹44,990"
135,HP,14-dv2014TU,Core i5,Windows 11 Home,512 GB,16 GB,35.56 cm (14 inch),No,"₹63,999"
136,ASUS,UP5401ZA-KU541WS,Core i5,Windows 11 Home,512 GB,16 GB,35.56 cm (14 Inch),Yes,"₹76,990"
137,HP,15s-fq5007TU,Core i3,Windows 11 Home,512 GB,8 GB,39.62 cm (15.6 Inch),No,"₹38,990"
138,HP,15s-fy5003TU,Core i3,Windows 11 Home,512 GB,8 GB,39.62 cm (15.6 Inch),No,"₹37,990"
139,WINGS,WL-Nuvobook V1-GRN,Core i5,Windows 11 Home,512 GB,8 GB,39.62 cm (15.6 Inch),No,"₹27,990"
140,HP,14a-ca0504TU,Celeron Quad Core,Chrome,64 GB,4 GB,35.56 cm (14 Inch),Yes,"₹24,500"
141,HP,15s- fr4000TU,Core i5,Windows 11 Home,512 GB,8 GB,39.62 cm (15.6 Inch),No,"₹46,990"
142,HP,15s- fr5011TU,Core i5,Windows 11 Home,512 GB,16 GB,39.62 cm (15.6 inch),No,"₹53,990"
143,Lenovo,15APH8,Ryzen 7 Octa Core,Windows 11 Home,512 GB,16 GB,39.62 cm (15.6 Inch),No,"₹1,01,990"
144,Ultimus,NU14U3INF56BN-SG,Core i5,Windows 11 Home,512 GB,8 GB,35.81 cm (14.1 Inch),Yes,"₹19,990"
145,ASUS,FX506HF-HN026W,Core i5,Windows 11 Home,1 TB,8 GB,39.62 cm (15.6 Inch),No,"₹55,990"
146,Infinix,ZL513,Core i5,Windows 11 Home,512 GB,16 GB,39.62 cm (15.6 inch),No,"₹48,990"
147,HP,14-dv2153TU,Core i5,Windows 11 Home,1 TB,16 GB,35.56 cm (14 inch),No,"₹66,999"
148,HP,15s-fy5002TU,Core i5,Windows 11 Home,512 GB,8 GB,39.62 cm (15.6 Inch),No,"₹49,990"
149,Infinix,XL28,Core i5,Windows 11 Home,512 GB,8 GB,39.62 cm (15.6 inch),No,"₹29,990"
150,CHUWI,FreeBook,Core i3,Windows 11 Home,512 GB,12 GB,34.29 cm (13.5 inch),Yes,"₹33,990"
151,ASUS,G513RC-HN061W,Ryzen 7 Octa Core,Windows 11 Home,512 GB,16 GB,39.62 cm (15.6 Inch),No,"₹77,990"
152,HP,14-EC1019AU,Ryzen 5 Hexa Core,Windows 11 Home,512 GB,16 GB,35.56 cm (14 inch),No,"₹54,990"
153,ASUS,S3402ZA-KM502WS,Core i5,Windows 11 Home,NA,16 GB,35.56 cm (14 Inch),No,"₹65,990"
154,MSI,Thin GF63 12VF-663IN,Core i7,Windows 11 Home,2 TB,16 GB,39.62 cm (15.6 Inch),No,"₹79,990"
155,ASUS,X415EA-EK344WS,Core i3,Windows 11 Home,512 GB,16 GB,35.56 cm (14 Inch),No,"₹35,990"
156,Acer,Aspire 3,Core i5,Windows 11 Home,512 GB,16 GB,39.62 cm (15.6 Inch),No,"₹44,990"
157,HP,15-eg3079TU,Core i5,Windows 11 Home,512 GB,16 GB,39.62 cm (15.6 Inch),No,"₹66,990"
158,HP,15s-fq5202TU,Core i5,Windows 11 Home,512 GB,8 GB,39.62 cm (15.6 inch),No,"₹53,990"
159,ASUS,M1605YA-MB551WS,Ryzen 5 Hexa Core,Windows 11 Home,1 TB,16 GB,40.64 cm (16 Inch),No,"₹53,990"
160,Lenovo,15ARH7,Ryzen 5 Hexa Core,Windows 11 Home,512 GB,16 GB,39.62 cm (15.6 Inch),No,"₹56,990"
161,HP,15s-fy5003TU,Core i3,Windows 11 Home,512 GB,8 GB,39.62 cm (15.6 Inch),No,"₹37,990"
162,HP,14-dv2153TU,Core i5,Windows 11 Home,1 TB,16 GB,35.56 cm (14 inch),No,"₹66,999"
163,MSI,Thin GF63 12VF-268IN,Core i5,Windows 11 Home,2 TB,16 GB,39.62 cm (15.6 Inch),No,"₹74,990"
164,ASUS,X1605VAB-MB544WS,Core i5,Windows 11 Home,512 GB,16 GB,40.64 cm (16 Inch),No,"₹60,990"
165,HP,15s-fq5112TU,Core i5,Windows 11 Home,512 GB,16 GB,39.62 cm (15.6 inch),No,"₹57,990"
166,HP,15s- fr5011TU,Core i5,Windows 11 Home,512 GB,16 GB,39.62 cm (15.6 inch),No,"₹53,990"
167,HP,15s-fq5007TU,Core i3,Windows 11 Home,512 GB,8 GB,39.62 cm (15.6 Inch),No,"₹38,990"
168,HP,15s-fy5002TU,Core i5,Windows 11 Home,512 GB,8 GB,39.62 cm (15.6 Inch),No,"₹49,990"
169,ASUS,G513RC-HN061W,Ryzen 7 Octa Core,Windows 11 Home,512 GB,16 GB,39.62 cm (15.6 Inch),No,"₹77,990"
170,HP,15-fd0024TU,Core i7,Windows 11 Home,512 GB,16 GB,39.62 cm (15.6 Inch),No,"₹79,590"
171,Lenovo,15IHU6,Core i5,Windows 11 Home,512 GB,8 GB,39.62 cm (15.6 inch),No,"₹50,990"
172,HP,14-EC1019AU,Ryzen 5 Hexa Core,Windows 11 Home,512 GB,16 GB,35.56 cm (14 inch),No,"₹54,990"
173,HP,15-eg3079TU,Core i5,Windows 11 Home,512 GB,16 GB,39.62 cm (15.6 Inch),No,"₹66,990"
174,Infinix,INBook X1 Neo,Celeron Quad Core,Windows 11 Home,256 GB,8 GB,35.56 cm (14 inch),No,"₹24,990"
175,Lenovo,15ARH7,Ryzen 5 Hexa Core,Windows 11 Home,512 GB,16 GB,39.62 cm (15.6 inch),No,"₹67,890"
176,HP,15s-fq5202TU,Core i5,Windows 11 Home,512 GB,8 GB,39.62 cm (15.6 inch),No,"₹53,990"
177,HP,15-fd0011TU,Core i5,Windows 11 Home,512 GB,8 GB,39.62 cm (15.6 Inch),No,"₹60,490"
178,DELL,Inspiron 3511,Core i3,Windows 11 Home,512 GB,8 GB,96.52 cm (38 cm),No,"₹36,990"
179,HP,HP Pavilion 15,Ryzen 5 Hexa Core,Windows 11 Home,512 GB,8 GB,38.1 cm (15 inch),No,"₹50,990"
180,Lenovo,15IRU8,Core i3,Windows 11 Home,512 GB,8 GB,39.62 cm (15.6 inch),No,"₹44,990"
181,MSI,GF63 Thin 11UCX-1496IN,Core i5,Windows 11 Home,4 TB,16 GB,39.62 cm (15.6 Inch),No,"₹50,990"
182,Lenovo,15IAU7,Core i3,Windows 11 Home,NA,8 GB,39.62 cm (15.6 Inch),No,"₹35,990"
183,HP,15s-fq5007TU,Core i3,Windows 11 Home,512 GB,8 GB,39.62 cm (15.6 Inch),No,"₹38,990"
184,ASUS,X1605VAB-MB544WS,Core i5,Windows 11 Home,512 GB,16 GB,40.64 cm (16 Inch),No,"₹60,990"
185,HP,15-fb0135AX,Ryzen 5 Hexa Core,Windows 11 Home,512 GB,8 GB,39.62 cm (15.6 Inch),No,"₹57,990"
186,HP,15s-fy5003TU,Core i3,Windows 11 Home,512 GB,8 GB,39.62 cm (15.6 Inch),No,"₹37,990"
187,HP,15s- fr4000TU,Core i5,Windows 11 Home,512 GB,8 GB,39.62 cm (15.6 Inch),No,"₹46,990"
188,ASUS,M1605YA-MB551WS,Ryzen 5 Hexa Core,Windows 11 Home,1 TB,16 GB,40.64 cm (16 Inch),No,"₹53,990"
189,ASUS,X1504ZA-NJ521WS,Core i5,Windows 11 Home,512 GB,8 GB,39.62 cm (15.6 Inch),No,"₹47,990"
190,HP,15-fe0027TU,Core i5,Windows 11 Home,512 GB,16 GB,39.62 cm (15.6 Inch),Yes,"₹88,690"
191,ASUS,G513RC-HN061W,Ryzen 7 Octa Core,Windows 11 Home,512 GB,16 GB,39.62 cm (15.6 Inch),No,"₹77,990"
192,HP,15s- fr5011TU,Core i5,Windows 11 Home,512 GB,16 GB,39.62 cm (15.6 inch),No,"₹53,990"
193,HP,14-dv2153TU,Core i5,Windows 11 Home,1 TB,16 GB,35.56 cm (14 inch),No,"₹66,999"
194,MSI,Thin GF63 12VF-268IN,Core i5,Windows 11 Home,2 TB,16 GB,39.62 cm (15.6 Inch),No,"₹74,990"
195,Infinix,XL30,Celeron Quad Core,Windows 11 Home,512 GB,8 GB,39.01 cm (15.36 inch),No,"₹23,990"
196,HP,15s-fy5002TU,Core i5,Windows 11 Home,512 GB,8 GB,39.62 cm (15.6 Inch),No,"₹49,990"
197,HP,14-EC1019AU,Ryzen 5 Hexa Core,Windows 11 Home,512 GB,16 GB,35.56 cm (14 inch),No,"₹54,990"
198,ASUS,TN3402QA-LZ520WS,Ryzen 5 Hexa Core,Windows 11 Home,1 TB,8 GB,35.56 cm (14 inch),Yes,"₹58,990"
199,DELL,Inspiron 3511,Core i5,Windows 11 Home,512 GB,8 GB,39.62 cm (15.6 inch),Yes,"₹43,990"
200,SAMSUNG,Galaxy Book3,Core i7,Windows 11 Home,512 GB,16 GB,39.62 cm (15.6 Inch),No,"₹89,990"
201,HP,15s-fq5007TU,Core i3,Windows 11 Home,512 GB,8 GB,39.62 cm (15.6 Inch),No,"₹38,990"
202,HP,15s-fy5003TU,Core i3,Windows 11 Home,512 GB,8 GB,39.62 cm (15.6 Inch),No,"₹37,990"
203,HP,15s-fy5007TU,Core i5,Windows 11 Home,512 GB,8 GB,39.62 cm (15.6 Inch),No,"₹52,990"
204,ASUS,M1502QA-EJ741WS,Ryzen 7 Octa Core,Windows 11 Home,1 TB,16 GB,39.62 cm (15.6 Inch),No,"₹49,990"
205,HP,15s- fr4000TU,Core i5,Windows 11 Home,512 GB,8 GB,39.62 cm (15.6 Inch),No,"₹46,990"
206,HP,15s- fr5011TU,Core i5,Windows 11 Home,512 GB,16 GB,39.62 cm (15.6 inch),No,"₹53,990"
207,SAMSUNG,Galaxy Book3,Core i5,Windows 11 Home,512 GB,16 GB,39.62 cm (15.6 Inch),No,"₹74,990"
208,DELL,Vostro,Core i3,Windows 10,256 GB,8 GB,38.0 cm (14.96 Inch),No,"₹34,990"
209,Infinix,INBook X2 Plus Core i7,Core i7,Windows 11 Home,1 TB,16 GB,39.62 cm (15.6 inch),No,"₹40,990"
210,ASUS,E1404FA-NK321WS,Ryzen 3 Quad Core,Windows 11 Home,512 GB,8 GB,35.81 cm (14.1 inch),No,"₹34,499"
211,HP,14-dv2153TU,Core i5,Windows 11 Home,1 TB,16 GB,35.56 cm (14 inch),No,"₹66,999"
212,HP,15s-fy5002TU,Core i5,Windows 11 Home,512 GB,8 GB,39.62 cm (15.6 Inch),No,"₹49,990"
213,Infinix,INBook Y2 Plus,Core i3,Windows 11 Home,512 GB,8 GB,39.62 cm (15.6 inch),No,"₹27,490"
214,DELL,Inspiron 3520,Core i5,Windows 11 Home,512 GB,8 GB,39.62 cm (15.6 Inch),No,"₹53,480"
215,HP,15s-fq5007TU,Core i3,Windows 11 Home,512 GB,8 GB,39.62 cm (15.6 Inch),No,"₹38,990"
216,HP,15s-fy5003TU,Core i3,Windows 11 Home,512 GB,8 GB,39.62 cm (15.6 Inch),No,"₹37,990"
217,HP,13b-ca0006MU,MediaTek Kompanio 1200,Chrome,256 GB,8 GB,33.78 cm (13.3 Inch),No,"₹35,990"
218,ASUS,GA401QE-K2166TS,Ryzen 9 Octa Core,Windows 10 Home,1 TB,16 GB,35.56 cm (14 Inch),No,"₹89,990"
219,HP,15s- fr4000TU,Core i5,Windows 11 Home,512 GB,8 GB,39.62 cm (15.6 Inch),No,"₹46,990"
220,HP,15s- fr5011TU,Core i5,Windows 11 Home,512 GB,16 GB,39.62 cm (15.6 inch),No,"₹53,990"
221,WINGS,WL-Nuvobook V1-BLU,Core i5,Windows 11 Home,512 GB,8 GB,39.62 cm (15.6 Inch),No,"₹27,990"
222,Lenovo,V15 G4,Ryzen 3 Quad Core,Windows 11 Home,512 GB,8 GB,39.62 cm (15.6 Inch),No,"₹29,800"
223,ASUS,E510MA-EJ011WS,Celeron Dual Core,Windows 11 Home,1 TB,8 GB,39.62 cm (15.6 Inch),No,"₹24,990"
224,HP,15-fb0137AX,Ryzen 7 Octa Core,Windows 11 Home,512 GB,16 GB,39.62 cm (15.6 Inch),No,"₹66,990"
225,HP,14-dv2153TU,Core i5,Windows 11 Home,1 TB,16 GB,35.56 cm (14 inch),No,"₹66,999"
226,HP,15s-fy5002TU,Core i5,Windows 11 Home,512 GB,8 GB,39.62 cm (15.6 Inch),No,"₹49,990"
227,Infinix,INBook X2 Plus Core i7,Core i7,Windows 11 Home,1 TB,16 GB,39.62 cm (15.6 inch),No,"₹40,990"
228,HP,14s-fy1003AU,Ryzen 5 Hexa Core,Windows 11 Home,512 GB,16 GB,35.56 cm (14 inch),No,"₹45,490"
229,ASUS,G513RC-HN061W,Ryzen 7 Octa Core,Windows 11 Home,512 GB,16 GB,39.62 cm (15.6 Inch),No,"₹77,990"
230,HP,Notebook,Core i5,Windows 11 Home,512 GB,16 GB,39.62 cm (15.6 inch),No,"₹50,999"
231,HP,15a- na0012TU,Celeron Dual Core,Chrome,128 GB,4 GB,39.62 cm (15.6 Inch),No,"₹22,100"
232,Lenovo,Lenovo V15,Celeron Dual Core,DOS,256 GB,8 GB,39.62 cm (15.6 inch),No,"₹21,990"
233,ASUS,M6500QFB-LK742WS,Ryzen 7 Octa Core,Windows 11 Home,512 GB,16 GB,39.62 cm (15.6 Inch),No,"₹67,990"
234,HP,15-eg3079TU,Core i5,Windows 11 Home,512 GB,16 GB,39.62 cm (15.6 Inch),No,"₹66,990"
235,HP,15s-fq5202TU,Core i5,Windows 11 Home,512 GB,8 GB,39.62 cm (15.6 inch),No,"₹53,990"
236,Infinix,XL30,Celeron Quad Core,Windows 11 Home,128 GB,4 GB,39.62 cm (15.6 Inch),No,"₹20,990"
237,Acer,A315-24P,Ryzen 3 Quad Core,Windows 11 Home,256 GB,8 GB,39.62 cm (15.6 Inch),No,"₹27,990"
238,HP,15s-fq5007TU,Core i3,Windows 11 Home,512 GB,8 GB,39.62 cm (15.6 Inch),No,"₹38,990"
239,DELL,INSP 5620,Core i3,Windows 11 Home,512 GB,8 GB,40.64 cm (16 inch),Yes,"₹43,990"
240,Acer,ANV15-51,Core i5,Windows 11 Home,512 GB,16 GB,39.62 cm (15.6 Inch),No,"₹64,990"
241,ASUS,K3504VAB-NJ541WS,Core i5,Windows 11 Home,512 GB,16 GB,39.62 cm (15.6 Inch),No,"₹59,500"
242,Infinix,XL422,Core i5,Windows 11 Home,512 GB,16 GB,35.56 cm (14 Inch),No,"₹38,990"
243,HP,15s- fr4000TU,Core i5,Windows 11 Home,512 GB,8 GB,39.62 cm (15.6 Inch),No,"₹46,990"
244,HP,15s- fr5011TU,Core i5,Windows 11 Home,512 GB,16 GB,39.62 cm (15.6 inch),No,"₹53,990"
245,ZEBRONICS,ZEB-NBC 2S,Core i5,Windows 11 Home,512 GB,16 GB,39.62 cm (15.6 inch),No,"₹32,990"
246,Infinix,INBook Y1 Plus,Core i3,Windows 11 Home,256 GB,8 GB,39.62 cm (15.6 inch),No,"₹28,790"
247,HP,15s-fq5007TU,Core i3,Windows 11 Home,512 GB,8 GB,39.62 cm (15.6 Inch),No,"₹38,990"
248,HP,15s-fy5003TU,Core i3,Windows 11 Home,512 GB,8 GB,39.62 cm (15.6 Inch),No,"₹37,990"
249,HP,15s- ey2001au,Ryzen 7 Octa Core,Windows 11 Home,512 GB,16 GB,39.62 cm (15.6 Inch),No,"₹53,990"
250,Primebook,Primebook S 4G,MediaTek MT8788,Prime OS,128 GB,4 GB,29.46 cm (11.6 Inch),No,"₹16,990"
251,HP,15s- fr4000TU,Core i5,Windows 11 Home,512 GB,8 GB,39.62 cm (15.6 Inch),No,"₹46,990"
252,HP,15s- fr5011TU,Core i5,Windows 11 Home,512 GB,16 GB,39.62 cm (15.6 inch),No,"₹53,990"
253,Lenovo,15ACH6H,Ryzen 7 Octa Core,Windows 11 Home,1 TB,16 GB,39.62 cm (15.6 Inch),No,"₹99,990"
254,Acer,PHN16-71,Core i7,Windows 11 Home,512 GB,16 GB,40.64 cm (16 Inch),No,"₹1,19,990"
255,HP,15a- na0012TU,Celeron Dual Core,Chrome,128 GB,4 GB,39.62 cm (15.6 Inch),No,"₹25,935"
256,HP,14-dv2153TU,Core i5,Windows 11 Home,1 TB,16 GB,35.56 cm (14 inch),No,"₹66,999"
257,HP,15s-fy5002TU,Core i5,Windows 11 Home,512 GB,8 GB,39.62 cm (15.6 Inch),No,"₹49,990"
258,ZEBRONICS,ZEB-NBC 3S,Core i3,Windows 11 Home,512 GB,8 GB,39.62 cm (15.6 Inch),No,"₹31,990"
259,ASUS,ROG Strix G15,Ryzen 7 Octa Core,Windows 11 Home,1 TB,16 GB,39.62 cm (15.6 inch),Yes,"₹84,990"
260,ASUS,G513RC-HN061W,Ryzen 7 Octa Core,Windows 11 Home,512 GB,16 GB,39.62 cm (15.6 Inch),No,"₹77,990"
261,HP,14-EC1019AU,Ryzen 5 Hexa Core,Windows 11 Home,512 GB,16 GB,35.56 cm (14 inch),No,"₹54,990"
262,ASUS,RC71L-NH019W,Ryzen Z1 HexaCore,Windows 11 Home,512 GB,16 GB,17.78 cm (7 Inch),Yes,"₹52,990"
263,Infinix,XL25,Core i5,Windows 11 Home,512 GB,16 GB,39.62 cm (15.6 Inch),No,"₹37,990"
264,ASUS,G513RC-HN083W,Ryzen 7 Octa Core,Windows 11 Home,1 TB,16 GB,39.62 cm (15.6 Inch),No,"₹81,990"
265,MSI,Katana 17 B13UDXK-255IN,Core i7,Windows 11 Home,4 TB,16 GB,43.94 cm (17.3 Inch),No,"₹93,990"
266,HP,15-eg3079TU,Core i5,Windows 11 Home,512 GB,16 GB,39.62 cm (15.6 Inch),No,"₹66,990"
267,HP,15s-fq5202TU,Core i5,Windows 11 Home,512 GB,8 GB,39.62 cm (15.6 inch),No,"₹53,990"
268,HP,Notebook,Core i7,Windows 11 Home,512 GB,16 GB,39.62 cm (15.6 inch),No,"₹68,373"
269,Lenovo,15IGL05,Celeron Dual Core,Windows 11 Home,256 GB,8 GB,39.62 cm (15.6 Inch),No,"₹26,990"
270,HP,15s-fy5003TU,Core i3,Windows 11 Home,512 GB,8 GB,39.62 cm (15.6 Inch),No,"₹37,990"
271,HP,15s- fr4000TU,Core i5,Windows 11 Home,512 GB,8 GB,39.62 cm (15.6 Inch),No,"₹46,990"
272,ASUS,M6500QF-HN521W,Ryzen 5 Hexa Core,Windows 11 Home,512 GB,8 GB,39.62 cm (15.6 Inch),No,"₹50,990"
273,ASUS,K3605ZC-MBN541WS,Core i5,Windows 11 Home,512 GB,16 GB,40.64 cm (16 Inch),No,"₹69,990"
274,HP,15-fb1016AX,Ryzen 5 Hexa Core,Windows 11 Home,512 GB,8 GB,39.62 cm (15.6 Inch),No,"₹64,400"
275,WINGS,WL-Nuvobook S1-SLV,Core i3,Windows 11 Home,256 GB,8 GB,39.62 cm (15.6 Inch),No,"₹24,990"
276,HP,15s- fr5011TU,Core i5,Windows 11 Home,512 GB,16 GB,39.62 cm (15.6 inch),No,"₹53,990"
277,Lenovo,15AMN7,Ryzen 3 Quad Core,Windows 11 Home,NA,8 GB,39.62 cm (15.6 inch),No,"₹33,990"
278,HP,15s-fy5007TU,Core i5,Windows 11 Home,512 GB,8 GB,39.62 cm (15.6 Inch),No,"₹53,990"
279,HP,14-dv2153TU,Core i5,Windows 11 Home,1 TB,16 GB,35.56 cm (14 inch),No,"₹66,999"
280,HP,15s-fy5002TU,Core i5,Windows 11 Home,512 GB,8 GB,39.62 cm (15.6 Inch),No,"₹49,990"
281,DELL,Inspiron 3530,Core i5,Windows 11 Home,1 TB,16 GB,39.62 cm (15.6 Inch),No,"₹64,990"
282,ASUS,Chromebook,Celeron Dual Core,Chrome,64 GB,4 GB,35.56 cm (14 inch),Yes,"₹23,999"
283,Acer,A315-59,Core i3,Windows 11 Home,512 GB,8 GB,39.62 cm (15.6 inch),No,"₹31,890"
284,Acer,ANV15-51,Core i5,Windows 11 Home,512 GB,8 GB,39.62 cm (15.6 Inch),No,"₹62,990"
285,ASUS,G513RC-HN061W,Ryzen 7 Octa Core,Windows 11 Home,512 GB,16 GB,39.62 cm (15.6 Inch),No,"₹77,990"
286,HP,14-EC1019AU,Ryzen 5 Hexa Core,Windows 11 Home,512 GB,16 GB,35.56 cm (14 inch),No,"₹54,990"
287,MSI,Thin GF63 12VE-070IN,Core i7,Windows 11 Home,2 TB,16 GB,39.62 cm (15.6 Inch),No,"₹79,990"
288,HP,15-fb0150AX,Ryzen 5 Hexa Core,Windows 11 Home,512 GB,16 GB,39.62 cm (15.6 Inch),Yes,"₹54,999"
289,HP,15-eg3079TU,Core i5,Windows 11 Home,512 GB,16 GB,39.62 cm (15.6 Inch),No,"₹66,990"
290,HP,15s-fq5202TU,Core i5,Windows 11 Home,512 GB,8 GB,39.62 cm (15.6 inch),No,"₹53,990"
291,HP,14-dv1000TU,Core i5,Windows 11 Home,512 GB,8 GB,35.56 cm (14 inch),No,"₹57,680"
292,DELL,Inspiron,Core i5,Windows 11 Home,512 GB,8 GB,39.62 cm (15.6 inch),No,"₹70,199"
293,DELL,G15-5525,Ryzen 7 Octa Core,Windows 11 Home,512 GB,16 GB,96.52 cm (38 cm),No,"₹93,003"
294,Lenovo,15ACH6H,Ryzen 7 Octa Core,Windows 11 Home,512 GB,16 GB,39.62 cm (15.6 Inch),No,"₹98,990"
295,HP,15s-fq5007TU,Core i3,Windows 11 Home,512 GB,8 GB,39.62 cm (15.6 Inch),No,"₹38,990"
296,HP,15s-fy5003TU,Core i3,Windows 11 Home,512 GB,8 GB,39.62 cm (15.6 Inch),No,"₹37,990"
297,Infinix,ZL513,Core i7,Windows 11 Home,1 TB,32 GB,39.62 cm (15.6 inch),No,"₹57,990"
298,DELL,G15-5520,Core i7,Windows 11 Home,512 GB,16 GB,96.52 cm (38 cm),No,"₹1,47,689"
299,HP,15s- fr4000TU,Core i5,Windows 11 Home,512 GB,8 GB,39.62 cm (15.6 Inch),No,"₹46,990"
300,HP,15s- fr5011TU,Core i5,Windows 11 Home,512 GB,16 GB,39.62 cm (15.6 inch),No,"₹53,990"
301,Apple,MacBook Pro,M2,Mac OS Monterey,512 GB,8 GB,33.78 cm (13.3 Inch),No,"₹1,36,990"
302,HP,15s,Core i3,Windows 11 Home,512 GB,8 GB,39.62 cm (15.6 inch),Yes,"₹39,550"
303,MSI,Katana 15 B12VFK-299IN,Core i7,Windows 11 Home,4 TB,16 GB,39.62 cm (15.6 Inch),No,"₹1,03,990"
304,HP,14-dv2153TU,Core i5,Windows 11 Home,1 TB,16 GB,35.56 cm (14 inch),No,"₹66,999"
305,HP,15s FR2508TU,Core i3,Windows 11 Home,512 GB,8 GB,39.62 cm (15.6 Inch),No,"₹38,500"
306,Acer,Aspire 5,Core i5,Windows 11 Home,512 GB,8 GB,39.62 cm (15.6 Inch),No,"₹49,990"
307,ASUS,TUF Gaming F15,Core i7,Windows 11 Home,1 TB,16 GB,39.62 cm (15.6 inch),Yes,"₹74,990"
308,ASUS,FX707ZC4-HX048WS,Core i5,Windows 11 Home,3 TB,8 GB,43.94 cm (17.3 inch),No,"₹85,990"
309,HP,15s- eq2223AU,Ryzen 5 Hexa Core,Windows 11 Home,512 GB,8 GB,39.62 cm (15.6 Inch),No,"₹43,500"
310,MSI,Katana 17 B13VEK-254IN,Core i7,Windows 11 Home,4 TB,16 GB,43.94 cm (17.3 Inch),No,"₹1,10,990"
311,HP,15-eg3079TU,Core i5,Windows 11 Home,512 GB,16 GB,39.62 cm (15.6 Inch),No,"₹66,990"
312,HP,15s-fq5202TU,Core i5,Windows 11 Home,512 GB,8 GB,39.62 cm (15.6 inch),No,"₹53,990"
313,Lenovo,15IRH8,Core i7,Windows 11 Home,512 GB,16 GB,39.62 cm (15.6 Inch),No,"₹1,07,990"
314,HP,15-fd0019TU,Core i3,Windows 11 Home,512 GB,8 GB,39.62 cm (15.6 Inch),No,"₹47,119"
315,CHUWI,CoreBook X,Core i5,Windows 11 Home,1 TB,16 GB,35.56 cm (14 inch),No,"₹32,990"
316,CHUWI,CoreBook X,Core i3,Windows 11 Home,512 GB,8 GB,35.56 cm (14 inch),No,"₹24,990"
317,ASUS,FX507ZC4-HN116W,Core i5,Windows 11 Home,2 TB,16 GB,39.62 cm (15.6 Inch),No,"₹85,990"
318,DELL,Inspiron 3505,Ryzen 3 Dual Core,Windows 10,1 TB,8 GB,39.62 cm (15.6 inch),No,"₹35,855"
319,ASUS,K3605ZC-MBN542WS,Core i5,Windows 11 Home,512 GB,16 GB,40.64 cm (16 Inch),No,"₹69,990"
320,HP,15-eg2017TU,Core i3,Windows 11 Home,512 GB,8 GB,39.62 cm (15.6 Inch),No,"₹52,250"
321,CHUWI,FreeBook,Core i3,Windows 11 Home,512 GB,12 GB,34.29 cm (13.5 inch),Yes,"₹33,990"
322,HP,15s-fq5007TU,Core i3,Windows 11 Home,512 GB,8 GB,39.62 cm (15.6 Inch),No,"₹38,990"
323,MSI,Thin GF63 12VE-664IN,Core i7,Windows 11 Home,2 TB,16 GB,39.62 cm (15.6 Inch),No,"₹90,990"
324,ASUS,X515JA-BQ322WS,Core i3,Windows 11 Home,512 GB,8 GB,39.62 cm (15.6 inch),No,"₹33,990"
325,HP,15s-fy5003TU,Core i3,Windows 11 Home,512 GB,8 GB,39.62 cm (15.6 Inch),No,"₹37,990"
326,HP,15s- fr4000TU,Core i5,Windows 11 Home,512 GB,8 GB,39.62 cm (15.6 Inch),No,"₹46,990"
327,ASUS,Vivobook 15 X1504ZA,Core i5,Windows 11 Home,512 GB,8 GB,39.62 cm (15.6 inch),Yes,"₹47,990"
328,HP,15s FR2508TU,Core i3,Windows 11 Home,512 GB,8 GB,39.62 cm (15.6 inch),Yes,"₹38,500"
329,Infinix,Inbook,Core i5,Windows 11 Home,512 GB,16 GB,35.56 cm (14 inch),No,"₹34,990"
330,DELL,Inspiron 3520,Core i3,Windows 11 Home,512 GB,8 GB,39.62 cm (15.6 Inch),No,"₹42,000"
331,HP,15s- fr5011TU,Core i5,Windows 11 Home,512 GB,16 GB,39.62 cm (15.6 inch),No,"₹53,990"
332,HP,15s-fy5002TU,Core i5,Windows 11 Home,512 GB,8 GB,39.62 cm (15.6 Inch),No,"₹49,990"
333,HP,XD0007ax,Ryzen 7 Octa Core,Windows 11 Home,1 TB,16 GB,40.89 cm (16.1 Inch),No,"₹1,10,990"
334,HP,16-wd0880TX,Core i5,Windows 11 Home,512 GB,16 GB,40.89 cm (16.1 Inch),No,"₹94,990"
335,HP,14-dv2153TU,Core i5,Windows 11 Home,1 TB,16 GB,35.56 cm (14 inch),No,"₹66,999"
336,HP,14-EC1019AU,Ryzen 5 Hexa Core,Windows 11 Home,512 GB,16 GB,35.56 cm (14 inch),No,"₹54,990"
337,Infinix,XL25,Core i3,Windows 11 Home,256 GB,8 GB,39.62 cm (15.6 Inch),No,"₹29,990"
338,ASUS,CM3000DVA-HT0038,MediaTek Kompanio 500,Chrome,128 GB,4 GB,26.67 cm (10.5 inch),Yes,"₹22,990"
339,MSI,Titan GT77HX 13VH-093IN,Core i9,Windows 11 Home,6 TB,64 GB,43.94 cm (17.3 Inch),No,"₹4,89,990"
340,ASUS,X1502ZA-EJ331WS,Core i3,Windows 11 Home,512 GB,8 GB,39.62 cm (15.6 inch),No,"₹45,990"
341,HP,15s-fy5003TU,Core i3,Windows 11 Home,512 GB,8 GB,39.62 cm (15.6 Inch),No,"₹37,990"
342,HP,15s- fr4000TU,Core i5,Windows 11 Home,512 GB,8 GB,39.62 cm (15.6 Inch),No,"₹46,990"
343,ASUS,K513EA-L312WS,Core i3,Windows 11 Home,512 GB,8 GB,39.62 cm (15.6 inch),No,"₹45,500"
344,ASUS,X515EA-EJ522WS,Core i5,Windows 11 Home,512 GB,8 GB,39.62 cm (15.6 Inch),No,"₹45,116"
345,HP,15s-fq5007TU,Core i3,Windows 11 Home,512 GB,8 GB,39.62 cm (15.6 Inch),No,"₹38,990"
346,HP,15s- fr5011TU,Core i5,Windows 11 Home,512 GB,16 GB,39.62 cm (15.6 inch),No,"₹53,990"
347,Lenovo,15IAU7,Core i3,Windows 11 Home,256 GB,8 GB,39.62 cm (15.6 Inch),No,"₹32,490"
348,Lenovo,V15 G4,Ryzen 3 Quad Core,DOS,512 GB,8 GB,39.62 cm (15.6 Inch),No,"₹27,990"
349,SAMSUNG,Galaxy Book3 Pro 360,Core i7,Windows 11 Home,512 GB,16 GB,40.64 cm (16 Inch),Yes,"₹1,53,990"
350,DELL,Vostro 3425,Ryzen 5 Hexa Core,Windows 11 Home,512 GB,8 GB,35.56 cm (14 Inch),No,"₹38,990"
351,HP,14-dv2153TU,Core i5,Windows 11 Home,1 TB,16 GB,35.56 cm (14 inch),No,"₹66,999"
352,HP,15s-fy5002TU,Core i5,Windows 11 Home,512 GB,8 GB,39.62 cm (15.6 Inch),No,"₹49,990"
353,Acer,A515-56,Core i5,Windows 11 Home,512 GB,8 GB,39.62 cm (15.6 inch),No,"₹48,990"
354,Acer,Aspire Lite,Core i5,Windows 11 Home,512 GB,8 GB,39.62 cm (15.6 inch),Yes,"₹39,349"
355,ASUS,G513RC-HN061W,Ryzen 7 Octa Core,Windows 11 Home,512 GB,16 GB,39.62 cm (15.6 Inch),No,"₹77,990"
356,HP,14-EC1019AU,Ryzen 5 Hexa Core,Windows 11 Home,512 GB,16 GB,35.56 cm (14 inch),No,"₹54,990"
357,Lenovo,14M868,MediaTek Kompanio 520,Chrome,128 GB,8 GB,35.56 cm (14 inch),No,"₹20,990"
358,HP,Pavilion x360 2-in-1,Core i7,Windows 11 Home,512 GB,16 GB,35.56 cm (14 inch),Yes,"₹89,990"
359,HP,14-dv2053TU,Core i5,Windows 11 Home,512 GB,8 GB,35.56 cm (14 Inch),No,"₹60,990"
360,Lenovo,V15 G2 ALC,Ryzen 3 Quad Core,Windows 11 Home,512 GB,8 GB,39.62 cm (15.6 inch),No,"₹33,999"
361,HP,15s-fq5007TU,Core i3,Windows 11 Home,512 GB,8 GB,39.62 cm (15.6 Inch),No,"₹38,990"
362,HP,15s-fy5003TU,Core i3,Windows 11 Home,512 GB,8 GB,39.62 cm (15.6 Inch),No,"₹37,990"
363,ASUS,E1404FA-NK322WS,Ryzen 3 Quad Core,Windows 11 Home,512 GB,8 GB,35.56 cm (14 Inch),No,"₹34,490"
364,Infinix,Inbook,Core i7,Windows 11 Home,512 GB,16 GB,35.56 cm (14 inch),No,"₹48,990"
365,HP,15s- fr4000TU,Core i5,Windows 11 Home,512 GB,8 GB,39.62 cm (15.6 Inch),No,"₹46,990"
366,HP,15s- fr5011TU,Core i5,Windows 11 Home,512 GB,16 GB,39.62 cm (15.6 inch),No,"₹53,990"
367,DELL,Inspiron 3505,Ryzen 3 Dual Core,Windows 10,1 TB,8 GB,39.62 cm (15.6 inch),No,"₹35,855"
368,HP,14s,Ryzen 5 Hexa Core,Windows 10 Home,512 GB,8 GB,35.56 cm (14 Inch),No,"₹53,200"
369,DELL,Vostro 3425,Ryzen 5 Hexa Core,Windows 11 Home,512 GB,16 GB,35.56 cm (14 Inch),No,"₹50,990"
370,HP,15s-fq2717TU,Core i3,Windows 11 Home,2 TB,8 GB,39.62 cm (15.6 Inch),No,"₹37,490"
371,HP,14-dv2153TU,Core i5,Windows 11 Home,1 TB,16 GB,35.56 cm (14 inch),No,"₹66,999"
372,HP,15s-fy5002TU,Core i5,Windows 11 Home,512 GB,8 GB,39.62 cm (15.6 Inch),No,"₹49,990"
373,Acer,Swift Go 14,Ryzen 5 Hexa Core,Windows 11 Home,512 GB,8 GB,35.56 cm (14 Inch),No,"₹54,990"
374,HP,15s-fq5112TU,Core i5,Windows 11 Home,512 GB,16 GB,39.62 cm (15.6 inch),No,"₹57,990"
375,ASUS,G513RC-HN061W,Ryzen 7 Octa Core,Windows 11 Home,512 GB,16 GB,39.62 cm (15.6 Inch),No,"₹77,990"
376,HP,14-EC1019AU,Ryzen 5 Hexa Core,Windows 11 Home,512 GB,16 GB,35.56 cm (14 inch),No,"₹54,990"
377,ASUS,X515EA-EZ311WS,Core i3,Windows 11 Home,NA,8 GB,39.62 cm (15.6 Inch),Yes,"₹38,990"
378,MSI,Katana 15 B12UDXK-1006IN,Core i5,Windows 11 Home,4 TB,8 GB,39.62 cm (15.6 Inch),No,"₹72,990"
379,HP,XD0007ax,Ryzen 7 Octa Core,Windows 11 Home,1 TB,16 GB,40.89 cm (16.1 Inch),No,"₹1,10,990"
380,HP,15-eg3079TU,Core i5,Windows 11 Home,512 GB,16 GB,39.62 cm (15.6 Inch),No,"₹66,990"
381,HP,15s-fq5202TU,Core i5,Windows 11 Home,512 GB,8 GB,39.62 cm (15.6 inch),No,"₹53,990"
382,Lenovo,14ITL6,Core i3,Windows 11 Home,512 GB,8 GB,35.56 cm (14 Inch),No,"₹34,990"
383,DELL,G15-5525,Ryzen 7 Octa Core,Windows 11 Home,512 GB,16 GB,96.52 cm (38 cm),No,"₹93,003"
384,CHUWI,CoreBook X,Core i5,Windows 11 Home,1 TB,16 GB,35.56 cm (14 inch),No,"₹32,990"
385,HP,15s-fq5007TU,Core i3,Windows 11 Home,512 GB,8 GB,39.62 cm (15.6 Inch),No,"₹38,990"
386,HP,Pavilion,Core i5,Windows 11 Home,512 GB,16 GB,35.56 cm (14 inch),Yes,"₹65,499"
387,DELL,Inspiron 5430,Core i5,Windows 11 Home,1 TB,8 GB,35.56 cm (14 inch),Yes,"₹67,890"
388,DELL,Inspiron 3520,Core i3,Windows 11 Home,512 GB,8 GB,39.62 cm (15.6 Inch),No,"₹37,886"
389,DELL,VOSTRO,Core i5,Windows 11 Home,512 GB,8 GB,35.56 cm (14 inch),Yes,"₹54,490"
390,HP,15s-fy5003TU,Core i3,Windows 11 Home,512 GB,8 GB,39.62 cm (15.6 Inch),No,"₹37,990"
391,HP,15s- fr4000TU,Core i5,Windows 11 Home,512 GB,8 GB,39.62 cm (15.6 Inch),No,"₹46,990"
392,ASUS,X515JA-BQ322WS,Core i3,Windows 11 Home,512 GB,8 GB,39.62 cm (15.6 inch),No,"₹33,990"
393,Acer,A515-56,Core i5,Windows 11 Home,512 GB,8 GB,39.62 cm (15.6 inch),No,"₹48,990"
394,HP,15s- fr5011TU,Core i5,Windows 11 Home,512 GB,16 GB,39.62 cm (15.6 inch),No,"₹53,990"
395,HP,15s-fy5002TU,Core i5,Windows 11 Home,512 GB,8 GB,39.62 cm (15.6 Inch),No,"₹49,990"
396,HP,Pavilion x360 2-in-1,Core i7,Windows 11 Home,512 GB,16 GB,35.56 cm (14 inch),Yes,"₹89,990"
397,DELL,Inspiron 3511,Core i3,Windows 11 Home,1 TB,8 GB,96.52 cm (38 cm),No,"₹38,499"
398,ASUS,RC71L-NH001W,Ryzen Z1 Octa Core,Windows 11 Home,512 GB,16 GB,17.78 cm (7 Inch),Yes,"₹59,990"
399,Acer,Nitro,Ryzen 5 Hexa Core,Windows 10 Home,1 TB,8 GB,39.62 cm (15.6 Inch),No,"₹62,990"
400,HP,14-dv2153TU,Core i5,Windows 11 Home,1 TB,16 GB,35.56 cm (14 inch),No,"₹66,999"
401,HP,14-EC1019AU,Ryzen 5 Hexa Core,Windows 11 Home,512 GB,16 GB,35.56 cm (14 inch),No,"₹54,990"
402,HP,15s-du3517TU,Core i5,Windows 11 Home,512 GB,8 GB,39.62 cm (15.6 inch),No,"₹49,749"
403,ASUS,CX1500CKA-EJ0277,Celeron Dual Core,Chrome,128 GB,4 GB,39.62 cm (15.6 Inch),No,"₹16,990"
404,ASUS,G513RC-HN061W,Ryzen 7 Octa Core,Windows 11 Home,512 GB,16 GB,39.62 cm (15.6 Inch),No,"₹77,990"
405,HP,15-eg3079TU,Core i5,Windows 11 Home,512 GB,16 GB,39.62 cm (15.6 Inch),No,"₹66,990"
406,ASUS,X1404VA-NK542WS,Core i5,Windows 11 Home,512 GB,16 GB,35.56 cm (14 Inch),No,"₹59,990"
407,Lenovo,15APH8,Ryzen 7 Octa Core,Windows 11 Home,512 GB,16 GB,39.62 cm (15.6 Inch),No,"₹83,990"
408,Lenovo,15ACH6,Ryzen 5 Hexa Core,Windows 11 Home,512 GB,8 GB,39.62 cm (15.6 inch),No,"₹52,890"
409,DELL,Inspiron 15 3511,Core i5,Windows 11 Home,512 GB,8 GB,39.62 cm (15.6 inch),Yes,"₹45,990"
410,HP,15s- fr5011TU,Core i5,Windows 11 Home,512 GB,16 GB,39.62 cm (15.6 inch),No,"₹53,990"
411,HP,15s-fy5003TU,Core i3,Windows 11 Home,512 GB,8 GB,39.62 cm (15.6 Inch),No,"₹37,990"
412,MSI,Raider GE66 12UGS,Core i7,Windows 11 Home,1 TB,16 GB,39.62 cm (15.6 inch),No,"₹1,47,743"
413,Acer,CB314-3H,Celeron Dual Core,Chrome,128 GB,8 GB,35.56 cm (14 inch),No,"₹23,990"
414,HP,15s- fr4000TU,Core i5,Windows 11 Home,512 GB,8 GB,39.62 cm (15.6 Inch),No,"₹46,990"
415,HP,15s-fq5007TU,Core i3,Windows 11 Home,512 GB,8 GB,39.62 cm (15.6 Inch),No,"₹38,990"
416,ASUS,FX507VU-LP083WS,Core i7,Windows 11 Home,512 GB,16 GB,39.62 cm (15.6 Inch),No,"₹1,19,990"
417,Infinix,XL30,Celeron Quad Core,Windows 11 Home,128 GB,4 GB,39.62 cm (15.6 Inch),No,"₹20,990"
418,ASUS,FX506LHB-HN355W | FX506LH-HN258W,Core i5,Windows 11 Home,512 GB,8 GB,39.62 cm (15.6 inch),No,"₹49,990"
419,HP,Pavilion 15-EH3101AU,Ryzen 7 Octa Core,Windows 11 Home,512 GB,16 GB,39.62 cm (15.6 inch),Yes,"₹64,600"
420,HP,15s-fy5002TU,Core i5,Windows 11 Home,512 GB,8 GB,39.62 cm (15.6 Inch),No,"₹49,990"
421,HP,14-dv2153TU,Core i5,Windows 11 Home,1 TB,16 GB,35.56 cm (14 inch),No,"₹66,999"
422,GIGABYTE,G5 MF-E2IN313SH,Core i5,Windows 11 Home,512 GB,16 GB,39.62 cm (15.6 Inch),No,"₹72,990"
423,Lenovo,15ITL6,Core i3,Windows 11 Home,256 GB,8 GB,39.62 cm (15.6 Inch),No,"₹34,490"
424,HP,14-EC1019AU,Ryzen 5 Hexa Core,Windows 11 Home,512 GB,16 GB,35.56 cm (14 inch),No,"₹54,990"
425,ASUS,G513RC-HN061W,Ryzen 7 Octa Core,Windows 11 Home,512 GB,16 GB,39.62 cm (15.6 Inch),No,"₹77,990"
426,ASUS,X1500EA,Core i3,Windows 11 Home,512 GB,8 GB,39.62 cm (15.6 inch),No,"₹37,990"
427,ASUS,GZ301ZE-LC193WS,Core i9,Windows 11 Home,1 TB,16 GB,34.04 cm (13.4 Inch),Yes,"₹1,99,990"
428,MSI,GF63 Thin 11SC-1493IN,Core i5,Windows 11 Home,4 TB,16 GB,39.62 cm (15.6 Inch),No,"₹48,990"
429,Lenovo,16ARH7H,Ryzen 7 Octa Core,Windows 11 Home,1 TB,16 GB,40.64 cm (16 Inch),No,"₹1,09,990"
430,HP,15-eg3079TU,Core i5,Windows 11 Home,512 GB,16 GB,39.62 cm (15.6 Inch),No,"₹66,990"
431,HP,15s-fq5202TU,Core i5,Windows 11 Home,512 GB,8 GB,39.62 cm (15.6 inch),No,"₹53,990"
432,Lenovo,Ideapad 5 14ABR8,Ryzen 5 Hexa Core,Windows 11 Home,512 GB,16 GB,35.56 cm (14 inch),No,"₹66,388"
433,Acer,A715-51G,Core i5,Windows 11 Home,512 GB,8 GB,39.62 cm (15.6 Inch),No,"₹58,500"
434,HP,15s-fq5007TU,Core i3,Windows 11 Home,512 GB,8 GB,39.62 cm (15.6 Inch),No,"₹38,990"
435,HP,15s-fy5003TU,Core i3,Windows 11 Home,512 GB,8 GB,39.62 cm (15.6 Inch),No,"₹37,990"
436,realme,Book Prime,Core i5,Windows 11 Home,512 GB,16 GB,35.56 cm (14 inch),No,"₹56,999"
437,HP,15-fh0015AU,Ryzen 5 Hexa Core,Windows 11 Home,512 GB,16 GB,39.62 cm (15.6 Inch),Yes,"₹78,890"
438,Lenovo,ThinkBook 15 Gen 2,Core i5,Windows 10 Home,1 TB,16 GB,38.1 cm (15 inch),No,"₹58,890"
439,HP,15s-eq2132au,Ryzen 5 Hexa Core,Windows 11 Home,512 GB,16 GB,39.62 cm (15.6 inch),No,"₹46,150"
440,HP,15s- fr4000TU,Core i5,Windows 11 Home,512 GB,8 GB,39.62 cm (15.6 Inch),No,"₹46,990"
441,HP,15s- fr5011TU,Core i5,Windows 11 Home,512 GB,16 GB,39.62 cm (15.6 inch),No,"₹53,990"
442,ASUS,K3405ZF-LY542WS,Core i5,Windows 11 Home,512 GB,16 GB,35.56 cm (14 Inch),No,"₹64,990"
443,ASUS,FX506LHB-HN355W | FX506LH-HN258W,Core i5,Windows 11 Home,512 GB,8 GB,39.62 cm (15.6 inch),No,"₹49,990"
444,HP,14-dv2153TU,Core i5,Windows 11 Home,1 TB,16 GB,35.56 cm (14 inch),No,"₹66,999"
445,HP,15s-fy5002TU,Core i5,Windows 11 Home,512 GB,8 GB,39.62 cm (15.6 Inch),No,"₹49,990"
446,ASUS,G533ZXZ-LN116WS,Core i9,Windows 11 Home,1 TB,32 GB,39.62 cm (15.6 Inch),No,"₹1,79,990"
447,MSI,Modern 14 C13M-435IN,Core i7,Windows 11 Home,512 GB,16 GB,35.56 cm (14 Inch),No,"₹64,990"
448,ASUS,G614JU-N3221WS,Core i5,Windows 11 Home,1 TB,16 GB,40.64 cm (16 Inch),No,"₹1,44,990"
449,Acer,A715-76G,Core i5,Windows 11 Home,512 GB,16 GB,39.62 cm (15.6 Inch),No,"₹54,990"
450,ASUS,G513RC-HN061W,Ryzen 7 Octa Core,Windows 11 Home,512 GB,16 GB,39.62 cm (15.6 Inch),No,"₹77,990"
451,HP,14-EC1019AU,Ryzen 5 Hexa Core,Windows 11 Home,512 GB,16 GB,35.56 cm (14 inch),No,"₹54,990"
452,SAMSUNG,Galaxy Book3 Pro,Core i7,Windows 11 Home,512 GB,16 GB,35.56 cm (14 Inch),No,"₹1,24,990"
453,GIGABYTE,G5 MF-E2IN313SH,Core i5,Windows 11 Home,512 GB,16 GB,39.62 cm (15.6 Inch),No,"₹72,990"
454,HP,15-eg3079TU,Core i5,Windows 11 Home,512 GB,16 GB,39.62 cm (15.6 Inch),No,"₹66,990"
455,HP,15s-fq5202TU,Core i5,Windows 11 Home,512 GB,8 GB,39.62 cm (15.6 inch),No,"₹53,990"
456,WINGS,WL-Nuvobook S2-SLV,Core i3,Windows 11 Home,512 GB,8 GB,39.62 cm (15.6 Inch),No,"₹25,990"
457,HP,15-eg2091T,Core i5,Windows 11 Home,512 GB,16 GB,39.62 cm (15.6 Inch),No,"₹74,900"
458,Infinix,XL30,Celeron Quad Core,Windows 11 Home,128 GB,4 GB,39.62 cm (15.6 Inch),No,"₹20,990"
459,ASUS,M1603QA-MB511WS,Ryzen 5 Hexa Core,Windows 11 Home,512 GB,16 GB,40.64 cm (16 inch),No,"₹53,890"
460,HP,15s-fy5003TU,Core i3,Windows 11 Home,512 GB,8 GB,39.62 cm (15.6 Inch),No,"₹37,990"
461,HP,14-dy1013TU,Core i7,Windows 11 Home,512 GB,16 GB,35.56 cm (14 inch),Yes,"₹85,999"
462,HP,15s- fr4000TU,Core i5,Windows 11 Home,512 GB,8 GB,39.62 cm (15.6 Inch),No,"₹46,990"
463,HP,15s- fr5011TU,Core i5,Windows 11 Home,512 GB,16 GB,39.62 cm (15.6 inch),No,"₹53,990"
464,Lenovo,15IHU6,Core i5,Windows 11 Home,512 GB,8 GB,39.62 cm (15.6 Inch),No,"₹47,990"
465,GIGABYTE,G5 GE-51IN263SH,Core i5,Windows 11 Home,512 GB,8 GB,39.62 cm (15.6 inch),No,"₹57,990"
466,HP,15s-fy5003TU,Core i3,Windows 11 Home,512 GB,8 GB,39.62 cm (15.6 Inch),No,"₹37,990"
467,HP,Pavilion x360,Core i5,Windows 11 Home,512 GB,16 GB,35.56 cm (14 inch),Yes,"₹78,468"
468,Infinix,INBook X1,Core i3,Windows 11 Home,256 GB,8 GB,35.56 cm (14 inch),No,"₹37,999"
469,HP,15-fa1060TX,Core i5,Windows 11 Home,512 GB,16 GB,39.62 cm (15.6 Inch),Yes,"₹99,999"
470,HP,ef2033TU,Core i7,Windows 11 Home,1 TB,16 GB,34.29 cm (13.5 Inch),Yes,"₹1,38,490"
471,HP,15s- fr4000TU,Core i5,Windows 11 Home,512 GB,8 GB,39.62 cm (15.6 Inch),No,"₹46,990"
472,HP,15s- fr5011TU,Core i5,Windows 11 Home,512 GB,16 GB,39.62 cm (15.6 inch),No,"₹53,990"
473,Lenovo,IdeaPad Slim 3i,Core i3,Windows 11 Home,512 GB,8 GB,39.62 cm (15.6 inch),Yes,"₹44,400"
474,HP,14-dv2153TU,Core i5,Windows 11 Home,1 TB,16 GB,35.56 cm (14 inch),No,"₹66,999"
475,HP,15s-fy5002TU,Core i5,Windows 11 Home,512 GB,8 GB,39.62 cm (15.6 Inch),No,"₹49,990"
476,ASUS,M6500QFB-LK741WS,Ryzen 7 Octa Core,Windows 11 Home,512 GB,16 GB,39.62 cm (15.6 Inch),No,"₹67,990"
477,Lenovo,s14,Core i5,Windows 11 Home,512 GB,8 GB,35.56 cm (14 inch),Yes,"₹46,980"
478,Acer,Aspire 3,Core i3,Windows 11 Home,512 GB,8 GB,39.62 cm (15.6 inch),No,"₹36,990"
479,HP,255 G8,Athlon Dual Core,Windows 11 Home,256 GB,8 GB,39.62 cm (15.6 inch),Yes,"₹24,399"
480,ASUS,G513RC-HN061W,Ryzen 7 Octa Core,Windows 11 Home,512 GB,16 GB,39.62 cm (15.6 Inch),No,"₹77,990"
481,HP,14-EC1019AU,Ryzen 5 Hexa Core,Windows 11 Home,512 GB,16 GB,35.56 cm (14 inch),No,"₹54,990"
482,MSI,Summit E16 Flip A13VET-068IN NVIDIA GeForce RTX 4050,Core i7,Windows 11 Home,1 TB,32 GB,40.64 cm (16 Inch),Yes,"₹1,59,990"
483,ASUS,X415EA-EK326WS,Core i3,Windows 11 Home,2 TB,8 GB,35.56 cm (14 Inch),No,"₹32,500"
484,HP,15-eg3079TU,Core i5,Windows 11 Home,512 GB,16 GB,39.62 cm (15.6 Inch),No,"₹66,990"
485,HP,15s-fq5202TU,Core i5,Windows 11 Home,512 GB,8 GB,39.62 cm (15.6 inch),No,"₹53,990"
486,Infinix,XL28,Core i5,Windows 11 Home,512 GB,8 GB,39.62 cm (15.6 inch),No,"₹29,990"
487,Acer,AN515-47,Ryzen 7 Octa Core,Windows 11 Home,512 GB,16 GB,39.62 cm (15.6 Inch),No,"₹77,790"
488,HP,Victus,Ryzen 7 Octa Core,Windows 11 Home,512 GB,8 GB,38.1 cm (15 inch),Yes,"₹61,400"
489,Infinix,XL21,Core i7,Windows 11 Home,512 GB,16 GB,35.56 cm (14 Inch),No,"₹54,990"
490,HP,15s-fq5007TU,Core i3,Windows 11 Home,512 GB,8 GB,39.62 cm (15.6 Inch),No,"₹38,990"
491,HP,15s-fy5003TU,Core i3,Windows 11 Home,512 GB,8 GB,39.62 cm (15.6 Inch),No,"₹37,990"
492,HP,HP 240 G8 (689U2PA),Core i3,Windows 11 Pro,512 GB,8 GB,35.56 cm (14 inch),Yes,"₹34,490"
493,ASUS,KM513UA-L713WS,Ryzen 7 Octa Core,Windows 11 Home,512 GB,16 GB,39.62 cm (15.6 Inch),No,"₹63,990"
494,HP,15s- fr4000TU,Core i5,Windows 11 Home,512 GB,8 GB,39.62 cm (15.6 Inch),No,"₹46,990"
495,HP,15s- fr5011TU,Core i5,Windows 11 Home,512 GB,16 GB,39.62 cm (15.6 inch),No,"₹53,990"
496,MICROSOFT,QEZ-00065,Core i5,Windows 11 Home,256 GB,8 GB,33.02 cm (13 inch),Yes,"₹1,13,990"
497,HP,EG2002TU,Core i5,Windows 11 Home,512 GB,16 GB,39.62 cm (15.6 inch),No,"₹68,400"
498,HP,15-fd0022TU,Core i5,Windows 11 Home,512 GB,8 GB,39.62 cm (15.6 Inch),No,"₹60,490"
499,HP,14-dv2153TU,Core i5,Windows 11 Home,1 TB,16 GB,35.56 cm (14 inch),No,"₹66,999"
500,HP,15s-fy5002TU,Core i5,Windows 11 Home,512 GB,8 GB,39.62 cm (15.6 Inch),No,"₹49,990"
501,Lenovo,IdeaPad Slim 5i,Core i5,Windows 11 Home,512 GB,16 GB,40.64 cm (16 inch),No,"₹69,990"
502,DELL,G15-5525,Ryzen 7 Octa Core,Windows 11 Home,512 GB,16 GB,39.62 cm (15.6 Inch),No,"₹93,831"
503,ASUS,G513RC-HN061W,Ryzen 7 Octa Core,Windows 11 Home,512 GB,16 GB,39.62 cm (15.6 Inch),No,"₹77,990"
504,HP,14-EC1019AU,Ryzen 5 Hexa Core,Windows 11 Home,512 GB,16 GB,35.56 cm (14 inch),No,"₹54,990"
505,MSI,Summit E16 Flip A13VET-068IN NVIDIA GeForce RTX 4050,Core i7,Windows 11 Home,1 TB,32 GB,40.64 cm (16 Inch),Yes,"₹1,59,990"
506,DELL,Inspiron 3521,Pentium Silver,Windows 11 Home,256 GB,8 GB,39.62 cm (15.6 Inch),No,"₹32,990"
507,HP,15s FR2508TU,Core i3,Windows 11 Home,512 GB,8 GB,39.62 cm (15.6 inch),Yes,"₹38,500"
508,Infinix,XL28,Core i5,Windows 11 Home,512 GB,8 GB,39.62 cm (15.6 inch),No,"₹29,990"
509,HP,15-eg3079TU,Core i5,Windows 11 Home,512 GB,16 GB,39.62 cm (15.6 Inch),No,"₹66,990"
510,HP,15s-fq5202TU,Core i5,Windows 11 Home,512 GB,8 GB,39.62 cm (15.6 inch),No,"₹53,990"
511,HP,15s-fq5013nia,Core i5,Windows 11 Home,512 GB,8 GB,39.62 cm (15.6 inch),No,"₹57,990"
512,DELL,Inspiron 13 7000,Core i5,Windows 10 Home,256 GB,8 GB,33.78 cm (13.3 inch),Yes,"₹70,290"
513,HP,15s-fq5007TU,Core i3,Windows 11 Home,512 GB,8 GB,39.62 cm (15.6 Inch),No,"₹38,990"
514,HP,15s-fy5003TU,Core i3,Windows 11 Home,512 GB,8 GB,39.62 cm (15.6 Inch),No,"₹37,990"
515,ASUS,KM513UA-L512WS,Ryzen 5 Hexa Core,Windows 11 Home,512 GB,16 GB,39.62 cm (15.6 Inch),No,"₹58,990"
516,SAMSUNG,Galaxy Book3 360,Core i7,Windows 11 Home,1 TB,16 GB,33.78 cm (13.3 Inch),Yes,"₹1,33,990"
517,ASUS,Vivobook Pro 15 Creator,Ryzen 5,Windows 11 Home,512 GB,16 GB,39.62 cm (15.6 inch),Yes,"₹60,943"
518,ASUS,CX1400FKA-EC0158,Celeron Dual Core,Chrome,64 GB,4 GB,35.56 cm (14 Inch),Yes,"₹25,751"
519,HP,15s- fr4000TU,Core i5,Windows 11 Home,512 GB,8 GB,39.62 cm (15.6 Inch),No,"₹46,990"
520,HP,15s- fr5011TU,Core i5,Windows 11 Home,512 GB,16 GB,39.62 cm (15.6 inch),No,"₹53,990"
521,Acer,Aspire 5 Gaming,Core i5,Windows 11 Home,512 GB,8 GB,39.62 cm (15.6 inch),No,"₹54,990"
522,HP,15s-dy3501TU,Core i3,Windows 11 Home,512 GB,8 GB,39.62 cm (15.6 inch),No,"₹45,899"
523,HP,15s- fr4000TU,Core i5,Windows 11 Home,512 GB,8 GB,39.62 cm (15.6 Inch),No,"₹46,990"
524,Acer,Swift Go 14,Ryzen 5 Hexa Core,Windows 11 Home,512 GB,8 GB,35.56 cm (14 Inch),No,"₹47,990"
525,Acer,AN515-57,Core i5,Windows 11 Home,512 GB,8 GB,39.62 cm (15.6 inch),No,"₹69,990"
526,HP,15s-fq5007TU,Core i3,Windows 11 Home,512 GB,8 GB,39.62 cm (15.6 Inch),No,"₹38,990"
527,HP,15s- fr5011TU,Core i5,Windows 11 Home,512 GB,16 GB,39.62 cm (15.6 inch),No,"₹53,990"
528,HP,15s- eq2213AU,Ryzen 3 Quad Core,Windows 11 Home,512 GB,8 GB,39.62 cm (15.6 Inch),No,"₹36,990"
529,ASUS,UM3402YA-KM541WS,Ryzen 5 Hexa Core,Windows 11 Home,512 GB,16 GB,35.56 cm (14 Inch),No,"₹69,990"
530,Lenovo,E41-55,Athlon Dual Core,DOS,NA,4 GB,35.56 cm (14 Inch),No,"₹20,990"
531,HP,245 G8,Ryzen 5 Quad Core,Windows 11 Home,512 GB,8 GB,35.56 cm (14 Inch),Yes,"₹41,000"
532,HP,15s-fy5002TU,Core i5,Windows 11 Home,512 GB,8 GB,39.62 cm (15.6 Inch),No,"₹49,990"
533,ASUS,TUF GAMING F15,Core i5,Windows 11 Home,1 TB,8 GB,39.62 cm (15.6 inch),Yes,"₹55,990"
534,ASUS,X515EA-EJ701WS,Core i7,Windows 11 Home,512 GB,16 GB,39.62 cm (15.6 inch),No,"₹59,990"
535,ASUS,G513RC-HN061W,Ryzen 7 Octa Core,Windows 11 Home,512 GB,16 GB,39.62 cm (15.6 Inch),No,"₹77,990"
536,HP,14-EC1019AU,Ryzen 5 Hexa Core,Windows 11 Home,512 GB,16 GB,35.56 cm (14 inch),No,"₹54,990"
537,DELL,Latitude 3420,Core i5,Ubuntu,512 GB,8 GB,35.56 cm (14 inch),Yes,"₹44,490"
538,Infinix,XL30,Celeron Quad Core,Windows 11 Home,128 GB,4 GB,39.62 cm (15.6 Inch),No,"₹20,990"
539,Lenovo,16APH8,Ryzen 7 Octa Core,Windows 11 Home,512 GB,16 GB,40.64 cm (16 inch),No,"₹1,13,990"
540,ASUS,M6500QC-HN542WS,Ryzen 5 Hexa Core,Windows 11 Home,512 GB,16 GB,39.62 cm (15.6 inch),No,"₹71,000"
541,HP,15-eg3079TU,Core i5,Windows 11 Home,512 GB,16 GB,39.62 cm (15.6 Inch),No,"₹66,990"
542,HP,15s-fq5202TU,Core i5,Windows 11 Home,512 GB,8 GB,39.62 cm (15.6 inch),No,"₹53,990"
543,DELL,Gaming 5530,Core i5,Windows 11 Home,512 GB,16 GB,39.62 cm (15.6 Inch),No,"₹89,649"
544,Acer,Aspire 7,Ryzen 5 Hexa Core,Windows 11 Home,512 GB,8 GB,39.62 cm (15.6 inch),No,"₹47,750"
545,HP,15s-fq5007TU,Core i3,Windows 11 Home,512 GB,8 GB,39.62 cm (15.6 Inch),No,"₹38,990"
546,HP,15s-fy5003TU,Core i3,Windows 11 Home,512 GB,8 GB,39.62 cm (15.6 Inch),No,"₹37,990"
547,ASUS,Vivobook S 14 Flip,Ryzen 5,Windows 11 Home,1 TB,16 GB,35.56 cm (14 inch),Yes,"₹65,391"
548,DELL,Latitude 3420,Core i3,Windows 10 Pro,256 GB,8 GB,35.56 cm (14 inch),Yes,"₹35,990"
549,DELL,Vostro 3425,Ryzen 3 Quad Core,Windows 11 Home,512 GB,8 GB,35.0 cm (13.78 inch),No,"₹38,198"
550,DELL,Alienware x17 R2,Core i7,Windows 11 Home,1 TB,32 GB,43.94 cm (17.3 Inch),No,"₹2,37,890"
551,HP,15s- fr4000TU,Core i5,Windows 11 Home,512 GB,8 GB,39.62 cm (15.6 Inch),No,"₹46,990"
552,HP,15s- fr5011TU,Core i5,Windows 11 Home,512 GB,16 GB,39.62 cm (15.6 inch),No,"₹53,990"
553,MSI,Raider GE78 HX 13VI-087IN,Core i9,Windows 11 Home,4 TB,64 GB,43.94 cm (17.3 Inch),No,"₹3,70,890"
554,HP,14s- dy2506TU,Core i3,Windows 11 Home,256 GB,8 GB,35.56 cm (14 inch),No,"₹36,690"
555,HP,14-dv2153TU,Core i5,Windows 11 Home,1 TB,16 GB,35.56 cm (14 inch),No,"₹66,999"
556,HP,15s-fy5002TU,Core i5,Windows 11 Home,512 GB,8 GB,39.62 cm (15.6 Inch),No,"₹49,990"
557,Lenovo,Ideapad 3,Core i7,Windows 11 Home,512 GB,16 GB,39.62 cm (15.6 inch),Yes,"₹59,390"
558,Acer,Aspire 5,Core i5,Windows 10 Home,1 TB,8 GB,39.62 cm (15.6 inch),No,"₹45,991"
559,DELL,XPS 13,Core i7,Windows 11 Home,512 GB,16 GB,34.04 cm (13.4 inch),Yes,"₹1,28,990"
560,MSI,CreatorPro M16 A12UIS,Core i7,Windows 11 Home,2 TB,16 GB,40.64 cm (16 inch),No,"₹96,867"
561,ASUS,G513RC-HN061W,Ryzen 7 Octa Core,Windows 11 Home,512 GB,16 GB,39.62 cm (15.6 Inch),No,"₹77,990"
562,HP,14-EC1019AU,Ryzen 5 Hexa Core,Windows 11 Home,512 GB,16 GB,35.56 cm (14 inch),No,"₹54,990"
563,HP,x360-bf0063TU,Core i7,Windows 11 Home,1 TB,16 GB,33.78 cm (13.3 Inch),Yes,"₹1,16,390"
564,ASUS,E510MA-EJ021WS,Celeron Dual Core,Windows 11 Home,512 GB,8 GB,39.62 cm (15.6 Inch),No,"₹27,990"
565,HP,15-eg3079TU,Core i5,Windows 11 Home,512 GB,16 GB,39.62 cm (15.6 Inch),No,"₹66,990"
566,HP,15s-fq5202TU,Core i5,Windows 11 Home,512 GB,8 GB,39.62 cm (15.6 inch),No,"₹53,990"
567,Apple,MK1A3HN/A,M1 Max,Mac OS Monterey,1 TB,32 GB,41.15 cm (16.2 inch),No,"₹3,09,490"
568,ASUS,K3405VCB-KM541WS,Ryzen 7 Octa Core,Windows 11 Home,512 GB,16 GB,39.62 cm (15.6 Inch),No,"₹64,990"
569,GIGABYTE,AORUS 15 BKF,Core i7,Windows 11 Pro,1 TB,16 GB,39.62 cm (15.6 Inch),No,"₹1,48,990"
570,HP,15-fa0188TX,Core i7,Windows 11 Home,512 GB,16 GB,39.62 cm (15.6 Inch),Yes,"₹81,990"
571,HP,15s-fq5007TU,Core i3,Windows 11 Home,512 GB,8 GB,39.62 cm (15.6 Inch),No,"₹38,990"
572,HP,15s-fy5003TU,Core i3,Windows 11 Home,512 GB,8 GB,39.62 cm (15.6 Inch),No,"₹37,990"
573,ASUS,Vivobook 17,Core i5,Windows 11 Home,512 GB,16 GB,43.94 cm (17.3 inch),No,"₹58,800"
574,HP,16-d0333TX,Core i5,Windows 11 Home,512 GB,16 GB,40.89 cm (16.1 Inch),No,"₹62,990"
575,HP,15s- fr4000TU,Core i5,Windows 11 Home,512 GB,8 GB,39.62 cm (15.6 Inch),No,"₹46,990"
576,HP,15s- fr5011TU,Core i5,Windows 11 Home,512 GB,16 GB,39.62 cm (15.6 inch),No,"₹53,990"
577,Apple,MPHG3HN/A,M2 Max,macOS Ventura,1 TB,32 GB,35.56 cm (14 Inch),No,"₹2,90,990"
578,DELL,Vostro 3420,Core i5,Windows 11 Home,512 GB,8 GB,35.56 cm (14 inch),No,"₹49,999"
579,DELL,Vostro,Core i5,Windows 10,512 GB,8 GB,35.56 cm (14 inch),No,"₹59,590"
580,HP,14-dv2153TU,Core i5,Windows 11 Home,1 TB,16 GB,35.56 cm (14 inch),No,"₹66,999"
581,Lenovo,ThinkBook 15 Gen 2,Core i5,Windows 10 Home,1 TB,16 GB,38.1 cm (15 inch),No,"₹58,890"
582,Lenovo,16ACH6H,Ryzen 7 Octa Core,Windows 11 Home,1 TB,16 GB,40.64 cm (16 inch),No,"₹1,04,990"
583,ASUS,G513RC-HN061W,Ryzen 7 Octa Core,Windows 11 Home,512 GB,16 GB,39.62 cm (15.6 Inch),No,"₹77,990"
584,HP,14-EC1019AU,Ryzen 5 Hexa Core,Windows 11 Home,512 GB,16 GB,35.56 cm (14 inch),No,"₹54,990"
585,HP,VICTUS 15-fb1002AX,Ryzen 5 Hexa Core,Windows 11 Home,512 GB,8 GB,39.62 cm (15.6 inch),Yes,"₹50,990"
586,ASUS,Vivobook,Ryzen 5 Quad Core,Windows 11 Home,2 TB,16 GB,39.62 cm (15.6 inch),No,"₹52,990"
587,ASUS,Vivobook 16X	K3605VU,Core i5,Windows 11 Home,512 GB,16 GB,40.64 cm (16 inch),Yes,"₹90,990"
588,Lenovo,14IAU7,Core i3,Windows 11 Home,512 GB,8 GB,90.32 cm (35.56 cm),No,"₹35,880"
589,HP,15s-fq5202TU,Core i5,Windows 11 Home,512 GB,8 GB,39.62 cm (15.6 inch),No,"₹53,990"
590,HP,15-fa0188TX,Core i7,Windows 11 Home,512 GB,16 GB,39.62 cm (15.6 Inch),Yes,"₹81,990"
591,Acer,EX215-54,Core i3,Windows 11 Home,256 GB,4 GB,39.62 cm (15.6 inch),No,"₹29,500"
592,HP,15s- fr4000TU,Core i5,Windows 11 Home,512 GB,8 GB,39.62 cm (15.6 Inch),No,"₹46,990"
593,HP,14-dv2153TU,Core i5,Windows 11 Home,1 TB,16 GB,35.56 cm (14 inch),No,"₹66,999"
594,DELL,Vostro 3425,Ryzen 5 Hexa Core,Windows 11 Home,512 GB,16 GB,35.56 cm (14 Inch),No,"₹49,500"
595,ASUS,K3405VFB-KM541WS,Core i5,Windows 11 Home,512 GB,16 GB,35.56 cm (14 Inch),No,"₹82,990"
596,HP,245 G,Ryzen 3 Dual Core,DOS,512 GB,8 GB,35.56 cm (14 inch),No,"₹23,990"
597,HP,15-fd0012TU,Core i5,Windows 11 Home,1 TB,8 GB,39.62 cm (15.6 Inch),No,"₹66,247"
598,HP,15-eg3079TU,Core i5,Windows 11 Home,512 GB,16 GB,39.62 cm (15.6 Inch),No,"₹66,990"
599,HP,15s-fq5007TU,Core i3,Windows 11 Home,512 GB,8 GB,39.62 cm (15.6 Inch),No,"₹38,990"
600,DELL,Vostro 5620,Core i5,Windows 11 Home,512 GB,8 GB,40.64 cm (16 Inch),No,"₹63,990"
601,MSI,Bravo 15 B7ED-011IN,Ryzen 7 Octa Core,Windows 11 Home,512 GB,16 GB,39.62 cm (15.6 inch),No,"₹74,990"
602,HP,15s-fy5003TU,Core i3,Windows 11 Home,512 GB,8 GB,39.62 cm (15.6 Inch),No,"₹37,990"
603,HP,15s- fr5011TU,Core i5,Windows 11 Home,512 GB,16 GB,39.62 cm (15.6 inch),No,"₹53,990"
604,Lenovo,TB15 G4 IAP,Core i5,Windows 11 Pro,2 TB,16 GB,39.62 cm (15.6 Inch),No,"₹59,990"
605,MICROSOFT,QEZ-00048,Core i5,Windows 11 Home,256 GB,8 GB,33.02 cm (13 inch),Yes,"₹1,13,990"
606,DELL,Vostro 3525,Ryzen 5 Hexa Core,Windows 11 Home,512 GB,8 GB,39.62 cm (15.6 Inch),No,"₹39,990"
607,ASUS,K3605ZC-MBN752WS,Core i7,Windows 11 Home,1 TB,16 GB,40.64 cm (16 Inch),No,"₹87,990"
608,HP,15s-fy5002TU,Core i5,Windows 11 Home,512 GB,8 GB,39.62 cm (15.6 Inch),No,"₹49,990"
609,HP,14-EC1019AU,Ryzen 5 Hexa Core,Windows 11 Home,512 GB,16 GB,35.56 cm (14 inch),No,"₹54,990"
610,Lenovo,15IRH8,Core i7,Windows 11 Home,512 GB,16 GB,39.62 cm (15.6 Inch),No,"₹1,00,190"
611,Acer,Aspire 3,Core i3,Windows 10 Home,256 GB,4 GB,39.62 cm (15.6 inch),No,"₹31,990"
612,ASUS,G513RC-HN061W,Ryzen 7 Octa Core,Windows 11 Home,512 GB,16 GB,39.62 cm (15.6 Inch),No,"₹77,990"
613,HP,15s-fq5202TU,Core i5,Windows 11 Home,512 GB,8 GB,39.62 cm (15.6 inch),No,"₹53,990"
614,Lenovo,V14,Core i5,Windows 10,256 GB,8 GB,35.56 cm (14 inch),Yes,"₹41,000"
615,Acer,Aspire 3,Core i3,Windows 10 Home,256 GB,4 GB,39.62 cm (15.6 inch),No,"₹31,990"
616,HP,14-ec0033AU,Ryzen 5 Hexa Core,Windows 10 Home,512 GB,16 GB,35.56 cm (14 inch),No,"₹48,400"
617,DELL,Latitude 14,Core i7,Windows 11 Pro,512 GB,16 GB,35.56 cm (14 inch),No,"₹99,990"
618,Lenovo,15IRH8,Core i5,Windows 11 Home,512 GB,16 GB,39.62 cm (15.6 inch),No,"₹64,990"
619,Lenovo,15IRH8,Core i5,Windows 11 Home,512 GB,16 GB,39.62 cm (15.6 inch),No,"₹90,990"
620,HP,15s- eq2212AU,Ryzen 3 Quad Core,Windows 11 Home,512 GB,8 GB,39.62 cm (15.6 Inch),No,"₹37,750"
621,ASUS,FA577NU-LP082W,Ryzen 7 Octa Core,Windows 11 Home,512 GB,16 GB,39.62 cm (15.6 Inch),No,"₹94,990"
622,HP,15s-fq5007TU,Core i3,Windows 11 Home,512 GB,8 GB,39.62 cm (15.6 Inch),No,"₹38,990"
623,HP,15s-fy5003TU,Core i3,Windows 11 Home,512 GB,8 GB,39.62 cm (15.6 Inch),No,"₹37,990"
624,ASUS,Pro 15 OLED,Ryzen 7 Octa Core,Windows 11 Home,512 GB,16 GB,39.62 cm (15.6 inch),Yes,"₹74,990"
625,DELL,G15,Core i7,Windows 11 Home,512 GB,16 GB,39.62 cm (15.6 inch),No,"₹1,09,990"
626,Lenovo,ideapad 3,Core i5,Windows 11 Home,512 GB,16 GB,39.62 cm (15.6 inch),Yes,"₹48,990"
627,ASUS,X415KA-EK111WS,Pentium Silver,Windows 11 Home,256 GB,4 GB,35.56 cm (14 Inch),No,"₹26,890"
628,HP,15s- fr4000TU,Core i5,Windows 11 Home,512 GB,8 GB,39.62 cm (15.6 Inch),No,"₹46,990"
629,HP,15s- fr5011TU,Core i5,Windows 11 Home,512 GB,16 GB,39.62 cm (15.6 inch),No,"₹53,990"
630,HP,14s-dq2606tu,Core i3,Windows 11 Home,512 GB,8 GB,35.56 cm (14 Inch),No,"₹44,300"
631,HP,Omen,Ryzen 5 Hexa Core,Windows 10 Home,512 GB,8 GB,39.62 cm (15.6 inch),No,"₹56,999"
632,HP,15s-fy5002TU,Core i5,Windows 11 Home,512 GB,8 GB,39.62 cm (15.6 Inch),No,"₹49,990"
633,HP,14-dv2153TU,Core i5,Windows 11 Home,1 TB,16 GB,35.56 cm (14 inch),No,"₹66,999"
634,DELL,Vostro 3400,Core i5,Windows 11 Home,512 GB,8 GB,35.56 cm (14 Inch),No,"₹48,583"
635,Lenovo,ThinkPad T14,Core i7,Windows 10,512 GB,16 GB,30.48 cm (12 inch),Yes,"₹1,10,790"
636,MSI,GF63 Thin 11UCX-1471IN,Core i5,Windows 11 Home,4 TB,8 GB,39.62 cm (15.6 Inch),No,"₹48,990"
637,HP,15s-fy5002TU,Core i5,Windows 11 Home,512 GB,8 GB,39.62 cm (15.6 Inch),No,"₹49,990"
638,HP,15s- fr5011TU,Core i5,Windows 11 Home,512 GB,16 GB,39.62 cm (15.6 inch),No,"₹53,990"
639,HP,15-fb0106AX,Ryzen 5 Hexa Core,Windows 11 Home,512 GB,16 GB,38.86 cm (15.3 Inch),No,"₹62,990"
640,Acer,A515-56G,Core i5,Windows 11 Home,512 GB,8 GB,39.62 cm (15.6 inch),No,"₹46,990"
641,HP,14-EC1019AU,Ryzen 5 Hexa Core,Windows 11 Home,512 GB,16 GB,35.56 cm (14 inch),No,"₹54,990"
642,ASUS,Zenbook 14 Flip OLED,Core i7,Windows 11 Home,1 TB,16 GB,35.56 cm (14 inch),Yes,"₹1,37,890"
643,DELL,Inspiron 3511,Core i5,Windows 11 Home,512 GB,8 GB,39.62 cm (15.6 inch),No,"₹50,900"
644,ASUS,K513EA-L302WS,Core i3,Windows 11 Home,256 GB,8 GB,39.62 cm (15.6 inch),No,"₹39,500"
645,HP,14-dv2153TU,Core i5,Windows 11 Home,1 TB,16 GB,35.56 cm (14 inch),No,"₹66,999"
646,HP,15-eg3079TU,Core i5,Windows 11 Home,512 GB,16 GB,39.62 cm (15.6 Inch),No,"₹66,990"
647,Lenovo,15IHU6,Core i5,Windows 11 Home,512 GB,16 GB,39.62 cm (15.6 Inch),No,"₹52,990"
648,HP,15s-fy5003TU,Core i3,Windows 11 Home,512 GB,8 GB,39.62 cm (15.6 Inch),No,"₹37,990"
649,ASUS,G513RC-HN061W,Ryzen 7 Octa Core,Windows 11 Home,512 GB,16 GB,39.62 cm (15.6 Inch),No,"₹77,990"
650,ASUS,GX650RXZ-LS228WS,Ryzen 9 Octa Core,Windows 11 Home,2 TB,32 GB,40.64 cm (16 Inch),No,"₹3,61,990"
651,Lenovo,15IRH8,Core i5,Windows 11 Home,512 GB,16 GB,39.62 cm (15.6 inch),No,"₹64,990"
652,HP,15-fd0011TU,Core i5,Windows 11 Home,512 GB,8 GB,39.62 cm (15.6 Inch),No,"₹60,490"
653,HP,Intel,Core i5,Windows 10 Pro,512 GB,8 GB,33.78 cm (13.3 inch),Yes,"₹74,419"
654,HP,Victus 16,Core i5,Windows 11 Home,512 GB,16 GB,40.89 cm (16.1 inch),Yes,"₹64,500"
655,HP,15s-fq5007TU,Core i3,Windows 11 Home,512 GB,8 GB,39.62 cm (15.6 Inch),No,"₹38,990"
656,HP,15s-fy5003TU,Core i3,Windows 11 Home,512 GB,8 GB,39.62 cm (15.6 Inch),No,"₹37,990"
657,HP,15s- eq2212AU,Ryzen 3 Quad Core,Windows 11 Home,512 GB,8 GB,39.62 cm (15.6 Inch),No,"₹37,750"
658,ASUS,Vivobook S15 OLED,Core i5,Windows 11 Home,512 GB,16 GB,39.62 cm (15.6 inch),Yes,"₹74,000"
659,ASUS,TUF Gaming F15,Core i5,Windows 10 Home,512 GB,8 GB,39.62 cm (15.6 Inch),No,"₹54,990"
660,DELL,Inspiron 3511,Core i3,Windows 11 Home,1 TB,8 GB,39.62 cm (15.6 inch),No,"₹46,890"
661,HP,15s- fr4000TU,Core i5,Windows 11 Home,512 GB,8 GB,39.62 cm (15.6 Inch),No,"₹46,990"
662,Acer,Aspire 3,Core i3,Windows 10 Home,256 GB,4 GB,39.62 cm (15.6 inch),No,"₹31,990"
663,HP,14-ec0033AU,Ryzen 5 Hexa Core,Windows 10 Home,512 GB,16 GB,35.56 cm (14 inch),No,"₹48,400"
664,HP,14-dv2153TU,Core i5,Windows 11 Home,1 TB,16 GB,35.56 cm (14 inch),No,"₹66,999"
665,HP,15s-fy5002TU,Core i5,Windows 11 Home,512 GB,8 GB,39.62 cm (15.6 Inch),No,"₹49,990"
666,DELL,Latitude 14,Core i7,Windows 11 Pro,512 GB,16 GB,35.56 cm (14 inch),No,"₹99,990"
667,Lenovo,V14,Core i5,Windows 10,256 GB,8 GB,35.56 cm (14 inch),Yes,"₹41,000"
668,ASUS,X415KA-EK111WS,Pentium Silver,Windows 11 Home,256 GB,4 GB,35.56 cm (14 Inch),No,"₹26,890"
669,ASUS,Pro 15 OLED,Ryzen 7 Octa Core,Windows 11 Home,512 GB,16 GB,39.62 cm (15.6 inch),Yes,"₹74,990"
670,ASUS,G513RC-HN061W,Ryzen 7 Octa Core,Windows 11 Home,512 GB,16 GB,39.62 cm (15.6 Inch),No,"₹77,990"
671,DELL,G15,Core i7,Windows 11 Home,512 GB,16 GB,39.62 cm (15.6 inch),No,"₹1,09,990"
672,Lenovo,ideapad 3,Core i5,Windows 11 Home,512 GB,16 GB,39.62 cm (15.6 inch),Yes,"₹48,990"
673,HP,15-eg3079TU,Core i5,Windows 11 Home,512 GB,16 GB,39.62 cm (15.6 Inch),No,"₹66,990"
674,HP,15s-fq5202TU,Core i5,Windows 11 Home,512 GB,8 GB,39.62 cm (15.6 inch),No,"₹53,990"
675,ASUS,FA577NU-LP082W,Ryzen 7 Octa Core,Windows 11 Home,512 GB,16 GB,39.62 cm (15.6 Inch),No,"₹94,990"
676,HP,14s-dq2606tu,Core i3,Windows 11 Home,512 GB,8 GB,35.56 cm (14 Inch),No,"₹44,300"
677,MSI,Modern 14 C13M-438IN,Core i3,Windows 11 Home,512 GB,8 GB,35.56 cm (14 Inch),No,"₹41,990"
678,HP,15-fa0354TX,Core i7,Windows 11 Home,512 GB,16 GB,39.62 cm (15.6 inch),No,"₹91,731"
679,HP,15s-fq5007TU,Core i3,Windows 11 Home,512 GB,8 GB,39.62 cm (15.6 Inch),No,"₹38,990"
680,HP,15s-fy5003TU,Core i3,Windows 11 Home,512 GB,8 GB,39.62 cm (15.6 Inch),No,"₹37,990"
681,ASUS,UX3402VA-KM742WS,Core i7,Windows 11 Home,512 GB,16 GB,35.56 cm (14 Inch),No,"₹97,990"
682,HP,16-e0162AX,Ryzen 5 Hexa Core,Windows 10 Home,512 GB,8 GB,40.89 cm (16.1 inch),No,"₹58,900"
683,HP,15s- fr4000TU,Core i5,Windows 11 Home,512 GB,8 GB,39.62 cm (15.6 Inch),No,"₹46,990"
684,HP,15s- fr5011TU,Core i5,Windows 11 Home,512 GB,16 GB,39.62 cm (15.6 inch),No,"₹53,990"
685,ASUS,FX517ZE-HN035WS,Core i7,Windows 11 Home,512 GB,16 GB,39.62 cm (15.6 inch),Yes,"₹97,289"
686,HP,15S-FQ2738TU,Core i3,Windows 11 Home,512 GB,8 GB,39.62 cm (15.6 inch),Yes,"₹36,490"
687,HP,14-ec0033AU,Ryzen 5 Hexa Core,Windows 10 Home,512 GB,16 GB,35.56 cm (14 inch),No,"₹48,400"
688,Apple,MacBook Pro,M3 Pro,macOS Sonoma,1 TB,18 GB,35.56 cm (14 Inch),No,"₹2,39,900"
689,HP,14-dv2153TU,Core i5,Windows 11 Home,1 TB,16 GB,35.56 cm (14 inch),No,"₹66,999"
690,HP,15s-fy5002TU,Core i5,Windows 11 Home,512 GB,8 GB,39.62 cm (15.6 Inch),No,"₹49,990"
691,HP,Victus,Core i5,Windows 11 Home,512 GB,8 GB,40.89 cm (16.1 inch),No,"₹70,890"
692,ASUS,TUF Gaming F15,Core i5,Windows 10 Home,512 GB,8 GB,39.62 cm (15.6 Inch),No,"₹54,990"
693,ASUS,G513RC-HN061W,Ryzen 7 Octa Core,Windows 11 Home,512 GB,16 GB,39.62 cm (15.6 Inch),No,"₹77,990"
694,HP,14-EC1019AU,Ryzen 5 Hexa Core,Windows 11 Home,512 GB,16 GB,35.56 cm (14 inch),No,"₹54,990"
695,Lenovo,15ITL6,Core i3,Windows 11 Home,256 GB,8 GB,39.62 cm (15.6 Inch),No,"₹34,490"
696,HP,Spectre x360 13,Core i7,Windows 11 Home,512 GB,16 GB,34.29 cm (13.5 inch),No,"₹1,31,680"
697,Lenovo,V14,Core i5,Windows 10,256 GB,8 GB,35.56 cm (14 inch),Yes,"₹41,000"
698,MSI,Katana GF66 12UC-881IN,Core i5,Windows 11 Home,2 TB,8 GB,39.62 cm (15.6 Inch),No,"₹72,990"
699,HP,15-eg3079TU,Core i5,Windows 11 Home,512 GB,16 GB,39.62 cm (15.6 Inch),No,"₹66,990"
700,HP,15s-fq5202TU,Core i5,Windows 11 Home,512 GB,8 GB,39.62 cm (15.6 inch),No,"₹53,990"
701,HP,15-fc0031AU,Ryzen 5 Quad Core,Windows 11 Home,512 GB,16 GB,39.62 cm (15.6 Inch),No,"₹50,090"
702,HP,14s-fy1005AU,Ryzen 7 Octa Core,Windows 11 Home,512 GB,16 GB,35.56 cm (14 Inch),No,"₹62,690"
703,HP,15s-fy5003TU,Core i3,Windows 11 Home,512 GB,8 GB,39.62 cm (15.6 Inch),No,"₹37,990"
704,HP,15s- fr4000TU,Core i5,Windows 11 Home,512 GB,8 GB,39.62 cm (15.6 Inch),No,"₹46,990"
705,HP,14s-ef1002tu,Core i3,Windows 11 Home,512 GB,8 GB,35.56 cm (14 Inch),No,"₹38,490"
706,HP,14-eh0024TU,Core i7,Windows 11 Home,1 TB,16 GB,35.56 cm (14 inch),No,"₹99,850"
707,HP,Envy,Core i5,Windows 10 Home,256 GB,8 GB,33.78 cm (13.3 inch),No,"₹64,391"
708,Acer,PHN16-71,Core i7,Windows 11 Home,1 TB,16 GB,40.64 cm (16 Inch),No,"₹1,37,999"
709,HP,15s-fq5007TU,Core i3,Windows 11 Home,512 GB,8 GB,39.62 cm (15.6 Inch),No,"₹38,990"
710,HP,15s- fr5011TU,Core i5,Windows 11 Home,512 GB,16 GB,39.62 cm (15.6 inch),No,"₹53,990"
711,ASUS,VivoBook 14,Core i3,Windows 10 Home,512 GB,4 GB,35.56 cm (14 inch),No,"₹42,500"
712,HP,250 G8,Core i3,Windows 10 Home,512 GB,4 GB,39.62 cm (15.6 inch),No,"₹31,000"
713,HP,15s-fy5002TU,Core i5,Windows 11 Home,512 GB,8 GB,39.62 cm (15.6 Inch),No,"₹49,990"
714,Acer,A315-510P,Core i3,Windows 11 Home,256 GB,8 GB,39.62 cm (15.6 inch),Yes,"₹31,990"
715,ASUS,VivoBook 15,Core i3,Windows 11 Home,512 GB,8 GB,39.62 cm (15.6 inch),Yes,"₹32,490"
716,SAMSUNG,Galaxy Book3 Pro,Core i7,Windows 11 Home,1 TB,16 GB,35.56 cm (14 Inch),No,"₹1,40,990"
717,ASUS,G513RC-HN061W,Ryzen 7 Octa Core,Windows 11 Home,512 GB,16 GB,39.62 cm (15.6 Inch),No,"₹77,990"
718,HP,15-eg3079TU,Core i5,Windows 11 Home,512 GB,16 GB,39.62 cm (15.6 Inch),No,"₹66,990"
719,HP,15s-fq5202TU,Core i5,Windows 11 Home,512 GB,8 GB,39.62 cm (15.6 inch),No,"₹53,990"
720,ZEBRONICS,ZEB-NBC 5S,Core i7,Windows 11 Home,512 GB,16 GB,39.62 cm (15.6 Inch),No,"₹50,990"
721,LG,LG Gram 14Z90Q-G.AJ56A2,Core i5,Windows 11 Home,512 GB,8 GB,35.56 cm (14 Inch),No,"₹64,762"
722,CHUWI,GemiBook X Pro,Celeron Quad Core,Windows 11 Home,256 GB,8 GB,35.81 cm (14.1 inch),No,"₹21,990"
723,ASUS,M6500QC,Ryzen 7 Octa Core,Windows 11 Home,512 GB,16 GB,39.62 cm (15.6 inch),No,"₹70,990"
724,HP,15s-fq5007TU,Core i3,Windows 11 Home,512 GB,8 GB,39.62 cm (15.6 Inch),No,"₹38,990"
725,HP,15s-fy5003TU,Core i3,Windows 11 Home,512 GB,8 GB,39.62 cm (15.6 Inch),No,"₹37,990"
726,DELL,Vostro 3420,Core i5,Windows 11 Home,512 GB,8 GB,35.56 cm (14 inch),Yes,"₹49,950"
727,HP,15s- fr4000TU,Core i5,Windows 11 Home,512 GB,8 GB,39.62 cm (15.6 Inch),No,"₹46,990"
728,HP,15s- fr5011TU,Core i5,Windows 11 Home,512 GB,16 GB,39.62 cm (15.6 inch),No,"₹53,990"
729,ASUS,UX3402VA-KM742WS,Core i7,Windows 11 Home,512 GB,16 GB,35.56 cm (14 Inch),No,"₹97,990"
730,Apple,MKGT3HN/A,M1 Pro,Mac OS Monterey,1 TB,16 GB,36.07 cm (14.2 inch),No,"₹2,39,900"
731,DELL,Inspiron 3511,Core i3,Windows 11 Home,256 GB,8 GB,38.0 cm (14.96 cm),No,"₹38,790"
732,HP,14-dv2153TU,Core i5,Windows 11 Home,1 TB,16 GB,35.56 cm (14 inch),No,"₹66,999"
733,HP,15s-fy5002TU,Core i5,Windows 11 Home,512 GB,8 GB,39.62 cm (15.6 Inch),No,"₹49,990"
734,ASUS,FX507ZC4-HN116WS,Core i5,Windows 11 Home,512 GB,16 GB,39.62 cm (15.6 inch),No,"₹85,800"
735,ASUS,G513RC-HN061W,Ryzen 7 Octa Core,Windows 11 Home,512 GB,16 GB,39.62 cm (15.6 Inch),No,"₹77,990"
736,HP,14-EC1019AU,Ryzen 5 Hexa Core,Windows 11 Home,512 GB,16 GB,35.56 cm (14 inch),No,"₹54,990"
737,DELL,Inspiron 3501,Core i5,Windows 10 Home,1 TB,8 GB,39.62 cm (15.6 inch),No,"₹52,199"
738,HP,Natural Silver,Core i3,Windows 10 Home,512 GB,8 GB,39.62 cm (15.6 inch),No,"₹40,500"
739,Lenovo,13ABR8,Ryzen 7 Octa Core,Windows 11 Home,1 TB,16 GB,33.78 cm (13.3 inch),Yes,"₹85,751"
740,HP,15s-fq5007TU,Core i3,Windows 11 Home,512 GB,8 GB,39.62 cm (15.6 Inch),No,"₹38,990"
741,HP,15s-fy5003TU,Core i3,Windows 11 Home,512 GB,8 GB,39.62 cm (15.6 Inch),No,"₹37,990"
742,MSI,Modern 14 C12M-670IN,Core i7,Windows 11 Home,512 GB,8 GB,35.56 cm (14 Inch),No,"₹60,990"
743,LG,LG Gram 14Z90Q-G.AJ56A2,Core i5,Windows 11 Home,512 GB,8 GB,35.56 cm (14 Inch),No,"₹64,762"
744,HP,15s- fr4000TU,Core i5,Windows 11 Home,512 GB,8 GB,39.62 cm (15.6 Inch),No,"₹46,990"
745,HP,15s- fr5011TU,Core i5,Windows 11 Home,512 GB,16 GB,39.62 cm (15.6 inch),No,"₹53,990"
746,DELL,Inspiron 5410,Core i5,Windows 10,512 GB,8 GB,35.56 cm (14 inch),Yes,"₹76,990"
747,ASUS,Vivobook Go 14,Ryzen 5 Quad Core,Windows 11 Home,512 GB,16 GB,35.56 cm (14 inch),Yes,"₹51,990"
748,Apple,MacBook Pro,Core i5,Mac OS Mojave,512 GB,8 GB,33.78 cm (13.3 inch),No,"₹1,62,990"
749,HP,15s- fq3066TU,Celeron Dual Core,Windows 11 Home,512 GB,8 GB,39.62 cm (15.6 inch),No,"₹31,964"
750,HP,14-dv2153TU,Core i5,Windows 11 Home,1 TB,16 GB,35.56 cm (14 inch),No,"₹66,999"
751,HP,15s-fy5002TU,Core i5,Windows 11 Home,512 GB,8 GB,39.62 cm (15.6 Inch),No,"₹49,990"
752,ASUS,B9450FA-BM0696R,Core i7,Windows 10 Pro,1 TB,16 GB,35.56 cm (14 inch),No,"₹1,52,711"
753,ASUS,VivoBook Ultra K15,Core i5,Windows 11 Home,512 GB,16 GB,39.62 cm (15.6 inch),Yes,"₹64,200"
754,ASUS,G513RC-HN061W,Ryzen 7 Octa Core,Windows 11 Home,512 GB,16 GB,39.62 cm (15.6 Inch),No,"₹77,990"
755,HP,14-EC1019AU,Ryzen 5 Hexa Core,Windows 11 Home,512 GB,16 GB,35.56 cm (14 inch),No,"₹54,990"
756,ASUS,Vivobook Go 15 OLED,Ryzen 5 Quad Core,Windows 11 Home,512 GB,16 GB,39.62 cm (15.6 inch),Yes,"₹56,990"
757,ASUS,Vivobook-Pro-15-M6500,Ryzen 7 Quad Core,Windows 11 Home,512 GB,16 GB,39.62 cm (15.6 inch),Yes,"₹68,200"
758,ASUS,FX506HCB-HN228T,Core i5,Windows 10 Home,1 TB,8 GB,39.62 cm (15.6 inch),No,"₹79,800"
759,HP,15-eg3079TU,Core i5,Windows 11 Home,512 GB,16 GB,39.62 cm (15.6 Inch),No,"₹66,990"
760,HP,15s-fq5202TU,Core i5,Windows 11 Home,512 GB,8 GB,39.62 cm (15.6 inch),No,"₹53,990"
761,MICROSOFT,Surface Laptop Go 3,Core i5,Windows 11 Home,256 GB,16 GB,31.5 cm (12.4 Inch),Yes,"₹99,990"
762,Lenovo,V14,Core i5,Windows 11 Home,512 GB,8 GB,35.56 cm (14 inch),Yes,"₹44,356"
763,HP,15s-fy5003TU,Core i3,Windows 11 Home,512 GB,8 GB,39.62 cm (15.6 Inch),No,"₹37,990"
764,HP,15s- fr4000TU,Core i5,Windows 11 Home,512 GB,8 GB,39.62 cm (15.6 Inch),No,"₹46,990"
765,Lenovo,15IAH7,Core i5,Windows 11 Home,512 GB,16 GB,39.62 cm (15.6 Inch),No,"₹74,990"
766,DELL,Inspiron 5410,Core i3,Windows 11 Home,512 GB,8 GB,35.56 cm (14 inch),Yes,"₹53,999"
767,DELL,G15-5510,Core i5,Windows 10,512 GB,16 GB,39.62 cm (15.6 inch),No,"₹62,500"
768,HP,Spectre Folio,Core i7,Windows 10 Home,512 GB,16 GB,33.78 cm (13.3 inch),Yes,"₹2,20,579"
769,HP,15s-fq5007TU,Core i3,Windows 11 Home,512 GB,8 GB,39.62 cm (15.6 Inch),No,"₹38,990"
770,HP,15s- fr5011TU,Core i5,Windows 11 Home,512 GB,16 GB,39.62 cm (15.6 inch),No,"₹53,990"
771,DELL,Inspiron 3521,Pentium Silver,Windows 11 Home,256 GB,8 GB,39.62 cm (15.6 Inch),No,"₹32,990"
772,ASUS,K3605ZU-MBN541WS,Core i5,Windows 11 Home,512 GB,16 GB,40.64 cm (16 Inch),No,"₹76,990"
773,HP,14-dv2153TU,Core i5,Windows 11 Home,1 TB,16 GB,35.56 cm (14 inch),No,"₹66,999"
774,HP,15s-fy5002TU,Core i5,Windows 11 Home,512 GB,8 GB,39.62 cm (15.6 Inch),No,"₹49,990"
775,ZEBRONICS,ZEB-NBC 5S,Core i7,Windows 11 Home,512 GB,16 GB,39.62 cm (15.6 inch),No,"₹50,990"
776,DELL,Inspiron 3535,Ryzen 5 Quad Core,Windows 11 Home,1 TB,8 GB,39.62 cm (15.6 Inch),No,"₹49,490"
777,ASUS,Vivobook Go 15 OLED,Ryzen 5 Quad Core,Windows 11 Home,512 GB,16 GB,39.62 cm (15.6 inch),Yes,"₹57,754"
778,HP,247 G8,Ryzen 5 Dual Core,Windows 11 Home,512 GB,8 GB,35.56 cm (14 inch),No,"₹32,890"
779,ASUS,G513RC-HN061W,Ryzen 7 Octa Core,Windows 11 Home,512 GB,16 GB,39.62 cm (15.6 Inch),No,"₹77,990"
780,HP,14-EC1019AU,Ryzen 5 Hexa Core,Windows 11 Home,512 GB,16 GB,35.56 cm (14 inch),No,"₹54,990"
781,ASUS,GX650PZ-NM047WS,Ryzen 9 16 Core,Windows 11 Home,2 TB,32 GB,40.64 cm (16 Inch),No,"₹3,49,990"
782,HP,15-eg3079TU,Core i5,Windows 11 Home,512 GB,16 GB,39.62 cm (15.6 Inch),No,"₹66,990"
783,ASUS,TUF,Core i5,Windows 10 Home,512 GB,8 GB,39.62 cm (15.6 inch),No,"₹67,500"
784,HP,15-EG2009TU,Core i5,Windows 11 Home,512 GB,8 GB,39.62 cm (15.6 inch),No,"₹68,800"
785,SAMSUNG,Galaxy Book2 Pro,Core i5,Windows 11 Home,512 GB,16 GB,33.78 cm (13.3 Inch),No,"₹64,990"
786,ASUS,UM5401QA-KM541WS,Ryzen 5 Hexa Core,Windows 11 Home,NA,16 GB,35.56 cm (14 Inch),No,"₹55,990"
787,HP,Notebook,Athlon Dual Core,DOS,256 GB,4 GB,39.62 cm (15.6 inch),No,"₹19,299"
788,Lenovo,15ITL05,Core i3,Windows 11 Home,NA,8 GB,39.62 cm (15.6 Inch),No,"₹32,990"
789,HP,15s-fq5202TU,Core i5,Windows 11 Home,512 GB,8 GB,39.62 cm (15.6 inch),No,"₹53,990"
790,HP,255 G8 Laptop,Ryzen 3 Dual Core,DOS,512 GB,8 GB,39.62 cm (15.6 inch),No,"₹23,999"
791,HP,15-fb1016AX,Ryzen 5 Hexa Core,Windows 11 Home,512 GB,8 GB,39.62 cm (15.6 Inch),No,"₹54,990"
792,HP,15s-fy5002TU,Core i5,Windows 11 Home,512 GB,8 GB,39.62 cm (15.6 Inch),No,"₹49,990"
793,HP,15s- fr4000TU,Core i5,Windows 11 Home,512 GB,8 GB,39.62 cm (15.6 Inch),No,"₹46,990"
794,HP,15s-fr4001TU,Core i5,Windows 11 Home,512 GB,16 GB,39.62 cm (15.6 Inch),No,"₹54,990"
795,GIGABYTE,RC45KD,Core i5,Windows 11 Home,512 GB,16 GB,39.62 cm (15.6 Inch),No,"₹62,990"
796,Infinix,XL30,Celeron Quad Core,Windows 11 Home,512 GB,8 GB,39.01 cm (15.36 inch),No,"₹23,990"
797,ASUS,X1504ZA-NJ521WS,Core i5,Windows 11 Home,512 GB,8 GB,39.62 cm (15.6 Inch),No,"₹47,990"
798,HP,14-dv1000TU,Core i5,Windows 11 Home,512 GB,8 GB,35.56 cm (14 inch),No,"₹57,680"
799,HP,14-EC1019AU,Ryzen 5 Hexa Core,Windows 11 Home,512 GB,16 GB,35.56 cm (14 inch),No,"₹54,990"
800,HP,15s-fy5003TU,Core i3,Windows 11 Home,512 GB,8 GB,39.62 cm (15.6 Inch),No,"₹37,990"
801,HP,15-fa0070TX,Core i5,Windows 11 Home,512 GB,8 GB,39.62 cm (15.6 Inch),No,"₹57,990"
802,HP,15s-fq5007TU,Core i3,Windows 11 Home,512 GB,8 GB,39.62 cm (15.6 Inch),No,"₹38,990"
803,Lenovo,11IGL05,Celeron Dual Core,Chrome,64 GB,4 GB,29.46 cm (11.6 inch),No,"₹15,990"
804,HP,15s-fy5002TU,Core i5,Windows 11 Home,512 GB,8 GB,39.62 cm (15.6 Inch),No,"₹49,990"
805,ASUS,G513RC-HN061W,Ryzen 7 Octa Core,Windows 11 Home,512 GB,16 GB,39.62 cm (15.6 Inch),No,"₹77,990"
806,HP,14-EC1019AU,Ryzen 5 Hexa Core,Windows 11 Home,512 GB,16 GB,35.56 cm (14 inch),No,"₹54,990"
807,HP,16-wd0880TX,Core i5,Windows 11 Home,512 GB,16 GB,40.89 cm (16.1 Inch),No,"₹94,990"
808,HP,15s-fq5007TU,Core i3,Windows 11 Home,512 GB,8 GB,39.62 cm (15.6 Inch),No,"₹38,990"
809,ASUS,Vivobook 15X,Core i5,Windows 11 Home,512 GB,16 GB,39.62 cm (15.6 inch),Yes,"₹61,500"
810,HP,15s-fq5007TU,Core i3,Windows 11 Home,512 GB,8 GB,39.62 cm (15.6 Inch),No,"₹38,990"
811,Infinix,Inbook,Core i7,Windows 11 Home,512 GB,16 GB,35.56 cm (14 inch),No,"₹48,990"
812,HP,ef2033TU,Core i7,Windows 11 Home,1 TB,16 GB,34.29 cm (13.5 Inch),Yes,"₹1,41,899"
813,HP,15s-fy5003TU,Core i3,Windows 11 Home,512 GB,8 GB,39.62 cm (15.6 Inch),No,"₹37,990"
814,HP,14-dv2153TU,Core i5,Windows 11 Home,1 TB,16 GB,35.56 cm (14 inch),No,"₹66,999"
815,MSI,Katana GF66 12UC-881IN,Core i5,Windows 11 Home,2 TB,8 GB,39.62 cm (15.6 Inch),No,"₹72,990"
816,HP,15s-fy5002TU,Core i5,Windows 11 Home,512 GB,8 GB,39.62 cm (15.6 Inch),No,"₹49,990"
817,HP,15-eg3079TU,Core i5,Windows 11 Home,512 GB,16 GB,39.62 cm (15.6 Inch),No,"₹66,990"
818,HP,14-dv1029TU,Core i7,Windows 11 Home,1 TB,16 GB,35.56 cm (14 inch),No,"₹78,100"
819,HP,15s- fr4000TU,Core i5,Windows 11 Home,512 GB,8 GB,39.62 cm (15.6 Inch),No,"₹46,990"
820,HP,16-n0050AX,Ryzen 7 Octa Core,Windows 11 Home,512 GB,16 GB,40.89 cm (16.1 Inch),No,"₹88,149"
821,DELL,Inspiron 5518,Core i5,Windows 11 Home,512 GB,16 GB,39.62 cm (15.6 Inch),No,"₹36,607"
822,HP,15s,Ryzen 5 Quad Core,Windows 10 Home,512 GB,8 GB,39.62 cm (15.6 inch),No,"₹24,831"
823,HP,14s-ef1001tu,Core i5,Windows 11 Home,512 GB,8 GB,35.56 cm (14 Inch),No,"₹59,899"
824,Acer,AN515-45,Ryzen 5 Hexa Core,Windows 11 Home,512 GB,8 GB,39.62 cm (15.6 Inch),No,"₹67,000"
825,HP,15s- fr5011TU,Core i5,Windows 11 Home,512 GB,16 GB,39.62 cm (15.6 inch),No,"₹53,990"
826,HP,14-EC1019AU,Ryzen 5 Hexa Core,Windows 11 Home,512 GB,16 GB,35.56 cm (14 inch),No,"₹54,990"
827,HP,14-dv2153TU,Core i5,Windows 11 Home,1 TB,16 GB,35.56 cm (14 inch),No,"₹66,999"
828,DELL,Inspiron 3520,Core i3,Windows 11 Home,512 GB,8 GB,39.62 cm (15.6 Inch),No,"₹39,490"
829,HP,14-EC1019AU,Ryzen 5 Hexa Core,Windows 11 Home,512 GB,16 GB,35.56 cm (14 inch),No,"₹54,990"
830,HP,15s-fq2627TU,Core i3,Windows 11 Home,512 GB,8 GB,39.62 cm (15.6 inch),Yes,"₹44,400"
831,DELL,Inspiron,Core i3,Windows 11 Home,512 GB,8 GB,39.62 cm (15.6 inch),Yes,"₹38,490"
832,HP,255 G8,Ryzen 5 Hexa Core,Windows 11 Home,512 GB,8 GB,39.62 cm (15.6 inch),No,"₹42,990"
833,DELL,Inspiron 7430,Core i3,Windows 11 Home,1 TB,8 GB,35.56 cm (14 inch),Yes,"₹60,490"
834,MSI,Katana 17 B13UCXK-256IN,Core i7,Windows 11 Home,4 TB,16 GB,43.94 cm (17.3 Inch),No,"₹88,990"
835,Infinix,XL25,Core i5,Windows 11 Home,512 GB,8 GB,39.62 cm (15.6 Inch),No,"₹37,990"
836,HP,13-BE0030AU,Ryzen 5 Hexa Core,Windows 10 Home,512 GB,16 GB,33.78 cm (13.3 inch),No,"₹70,500"
